M.E.T. [s], Sea Level Altitude [m], Radar Altitude [m], Latitude [deg], Longitude [deg], Surface Velocity [m/s], Orbital Velocity [m/s], Vertical Speed [m/s], Ground Speed [m/s], Apoapsis [m], Time to Apoapsis [s], Periapsis [m], Time to Periapsis [s], Inclination [deg], Mass [t], Max Thrust [kN], Current Thrust [kN], T.W.R., % Terminal Velocity, Trajectory Preferred Pitch [deg], Pitch Command [deg], Vessel Pitch [deg], Heading Command [deg], Vessel Heading [deg], dv Spent [m/s], Dynamic Pressure [kPa]
0.0199999999945248, 83.9855084093288, 11.517240524292, -0.0971691086888313, -74.5576858520508, 0.00108365689858205, 174.965077354664, -0.000914297125149233, 0.00179544550699558, 77.9424353550421, 7.23701579659064E-05, -598435.240638021, 275.820929950029, 0.0971692774656041, 11.687554359436, 169.101593017578, 169.101593017578, 1.47496565257861, N/A, 90, 90, 89.9601275874833, 90, 264.13970153936, 26.6384484441653, 3.14473296988798E-14
1.01999999999907, 86.6322828786215, 14.1640195846558, -0.0971691235899925, -74.5576858520508, 5.10806701261079, 175.02912130414, 5.10805461597927, 0.0125731085212318, 82.0799717720365, 0.523668058124031, -598435.415011637, 276.347250988338, 0.0971693098727213, 11.419997215271, 169.113265991211, 169.11279296875, 1.50962693343209, N/A, 90, 90, 89.9657980435843, 90, 268.903729560158, 42.2906488809033, 0.000118888287614447
2.0593280029284, 94.6218877155334, 22.153636932373, -0.0971691831946373, -74.5576858520508, 10.3250140265498, 175.247549769678, 10.3249837245221, 0.0263165730828873, 94.4106925483793, 1.05848665378062, -598435.578484933, 276.890436697843, 0.0971694225023727, 11.3537588119507, 169.149368286133, 169.147979736328, 1.51860333934765, N/A, 90, 90, 89.9629127525698, 90, 266.818909504588, 57.2678304185862, 0.000513499461376816
3.20409973144319, 109.802479780861, 37.3342132568359, -0.0971704795956612, -74.5576858520508, 16.2197895886319, 175.72629087851, 16.2197876982861, 0.0240704716677519, 117.938558334601, 1.66287762482244, -598434.90737038, 277.511468958005, 0.0972067745810153, 11.2807998657227, 169.21842956543, 169.215454101563, 1.5289453492914, 4.95157630545835, 88.4355234050804, 88.4355234050804, 89.5315300357113, 89.8020689341343, 111.819076881614, 74.8512293238389, 0.00127813268592606
4.28409973144221, 130.49281674088, 58.0243835449219, -0.0971706882119179, -74.5576629638672, 21.9052453491741, 176.636352002257, 21.9032516205595, 0.296081525252406, 149.95151160995, 2.24573451948646, -598429.468766068, 278.120081407409, 0.0975033129881413, 11.2119693756104, 169.314407348633, 169.310348510742, 1.53929379131058, 4.09056252252915, 87.4714010321871, 87.4714010321871, 89.0233765569801, 90.1951206695544, 86.5529020838683, 91.1127963472015, 0.00239537738790523
5.36409973144123, 157.380402320297, 84.9114608764648, -0.0971720442175865, -74.5576019287109, 27.7030123394212, 177.886561771294, 27.6933583246034, 0.732735502024219, 191.789005494094, 2.83976374792707, -598421.328126965, 278.748482004661, 0.0971795992685807, 11.1431379318237, 169.439361572266, 169.434234619141, 1.55006733539378, 2.38924693752513, 86.612643628336, 86.612643628336, 87.1157004156884, 90.1943874106293, 89.6009296839107, 107.485870387756, 0.0039496254933487
6.44409973144025, 190.560754759121, 118.090744018555, -0.0971724838018417, -74.5574645996094, 33.6008388883615, 179.864265818901, 33.7760720900663, 1.75249624272786, 245.738310466171, 3.46422490698319, -598402.52292029, 279.422981040475, 0.0973570656038189, 11.0717582702637, 169.593399047852, 169.587188720703, 1.56164163174866, 5.42124839724076, 85.7628901714143, 85.7628901714143, 85.9731047994063, 89.8054285055953, 89.6584669478335, 123.974183368034, 0.0058385269700665
7.56409973143923, 231.714205696946, 159.242172241211, -0.0971731171011925, -74.5572052001953, 39.8403547227069, 182.463102954826, 39.7211954495308, 3.07904598889085, 308.194579712115, 4.07502698505101, -598377.94945267, 280.093642942987, 0.0972881951909808, 11.0029268264771, 169.783828735352, 169.776489257813, 1.57336642177639, 6.62769090611825, 84.9625480137032, 84.9625480137032, 85.5997225122329, 90.1944899601599, 89.4614671132634, 141.199811859393, 0.00812769184383243
8.64409973143825, 277.987644115696, 205.512557983398, -0.097173735499382, -74.5568237304688, 45.9689012755638, 185.093493433716, 45.7649962381928, 4.3249545877869, 381.234936491237, 4.69640178068607, -598354.60954878, 280.781313986173, 0.0971835023222804, 10.9340963363647, 169.996994018555, 169.988586425781, 1.58548615776809, 8.43799626806491, 84.1723896793251, 84.1723896793251, 84.4484941779703, 90.1944611345021, 89.9390578102886, 157.936056578285, 0.0108238999006824
9.72409973143726, 330.842897006776, 258.363555908203, -0.0971739515662193, -74.5562896728516, 52.2332935762888, 188.234645809672, 51.8988170436083, 5.90143114838342, 465.102460303344, 5.32765847851073, -598324.88902452, 281.490710314694, 0.0971747750996608, 10.8652648925781, 170.238998413086, 170.229553222656, 1.59806586698182, 10.3313543342862, 83.387974919467, 83.387974919467, 84.3850465862938, 90.1943570232629, 89.9765725926375, 174.80071582149, 0.013950210805482
10.8040997314363, 390.362246968318, 322.638031005859, -0.0971741750836372, -74.5555877685547, 58.6048909287686, 191.624665496865, 58.1172166368768, 7.54446833606997, 560.039233154617, 5.96825528677113, -598293.578687061, 282.218163839793, 0.0971763458808489, 10.7964344024658, 170.509689331055, 170.499160766602, 1.61111322839762, 11.0869278431078, 82.6068146534515, 82.6068146534515, 83.4716766863242, 89.8056490840726, 90.0821746455458, 191.798289943259, 0.0176402025092781
11.8840997314353, 456.629452824243, 388.897888183594, -0.0971743166446686, -74.5546951293945, 65.1034101411943, 195.477828557114, 64.4082589698646, 9.48826342625121, 666.220561659196, 6.61714987049328, -598256.199134658, 282.965837899206, 0.0971759717588615, 10.7250537872314, 170.808685302734, 170.797119140625, 1.62464887828923, 12.6516987324346, 81.7986149290133, 81.7986149290133, 82.11636023226, 90.1943487325041, 90.0690883729131, 208.93334158184, 0.0216435445183043
13.0040997314343, 532.547249695286, 464.805877685547, -0.0971744582056999, -74.5535430908203, 71.9495713285563, 199.71438737182, 71.0137423479423, 11.5665909532585, 788.467482111533, 7.29933620767298, -598215.712523935, 283.760010009872, 0.0971745702785143, 10.6562232971191, 171.148010253906, 171.135375976563, 1.63916301970209, 16.1855814367205, 81.0202315846766, 81.0202315846766, 81.0488767105057, 90.1943623569552, 89.9739059394521, 226.210663281361, 0.0260748388705373
14.0840997314333, 612.75501226692, 545.001770019531, -0.0971746668219566, -74.5521697998047, 78.694668748079, 204.51426126535, 77.4065087866218, 14.1802432804637, 917.848885389976, 7.96076810807915, -598164.296192981, 284.545876375974, 0.0971749943151938, 10.5873928070068, 171.502807617188, 171.489196777344, 1.65366418066447, 16.7660354862498, 80.2424178803854, 80.2424178803854, 80.1254447223507, 90.1943606544996, 89.9712828452772, 244.283061010454, 0.0309507036658509
15.1640997314323, 699.911243067356, 632.143249511719, -0.0971765443682671, -74.5505294799805, 85.5815561223409, 209.855471045101, 83.8267489345773, 17.2415360625441, 1058.68514344259, 8.62631046268859, -598103.204980763, 285.35041784958, 0.10221565636692, 10.5185623168945, 171.88395690918, 171.869384765625, 1.66865146431696, 18.0279584029799, 79.4646510697198, 79.4646510697198, 79.8563824873809, 90.1974534814646, 91.9813005932841, 261.863779991371, 0.0362812928183272
16.2440997314313, 794.058219418977, 726.272216796875, -0.0971800163388252, -74.5485916137695, 92.5535049723168, 215.229629894748, 90.3251273467002, 20.1869343658817, 1211.56513019686, 9.30099019532014, -598043.322507108, 286.171580276504, 0.100199443123985, 10.4497308731079, 172.290664672852, 172.275131225586, 1.68412734073687, 19.5406107062191, 78.6866911452506, 78.6866911452506, 79.1011699957163, 89.7982333398587, 90.6191813856333, 279.600671759418, 0.0422374516658062
17.3240997314304, 895.271804657648, 827.464050292969, -0.0971884056925774, -74.5463333129883, 99.655620072808, 220.989243962308, 96.8624729406891, 23.4283544344514, 1376.33788737713, 9.98112229983025, -597976.346067446, 287.011296462054, 0.100947427608653, 10.3809003829956, 172.722030639648, 172.705612182617, 1.7000945038887, 21.6261546459023, 77.8794659906559, 77.8794659906559, 78.9057207476132, 90.2025810264182, 89.8424496565965, 297.49840938108, 0.0484185737477287
18.4040997314294, 1003.56472253904, 935.730712890625, -0.0971978232264519, -74.5437469482422, 107.130638380035, 227.116149319626, 103.720479366962, 26.8145800628363, 1560.3263626711, 10.696004697246, -597905.052620783, 287.902003210822, 0.100932525612168, 10.3095207214355, 173.177169799805, 173.159912109375, 1.71700187762614, 21.8699594028332, 77.1007297346641, 77.1007297346641, 77.6079672502238, 89.799347009649, 89.9778274687284, 315.56191194402, 0.0549844501963472
19.5240997314284, 1123.44323439768, 1058.71398925781, -0.0972069725394249, -74.5406875610352, 114.485249375622, 233.611896068637, 110.302314954993, 30.6634948654944, 1749.40548852866, 11.3840676859602, -597822.628277022, 288.777103873968, 0.100063657705596, 10.2406892776489, 173.673004150391, 173.654891967773, 1.73414236176517, 23.7010661087836, 76.3213458554318, 76.3213458554318, 77.7561313381347, 89.8001091038778, 90.0100036939674, 334.474772094125, 0.0619703612640986
20.6040997314274, 1246.36188625032, 1181.81420898438, -0.0972151532769203, -74.537353515625, 121.935700892877, 240.129726204054, 116.981349738038, 34.4043082347117, 1951.48088068038, 12.0837067208572, -597740.805936602, 289.672363912662, 0.0993791480226365, 10.1718578338623, 174.173141479492, 174.154251098633, 1.75160441086351, 25.3503668572307, 75.541368770693, 75.541368770693, 76.8088519334227, 90.19889685417, 89.9933962047596, 352.889763470086, 0.0693105406553626
21.6840997314264, 1376.52421912469, 1312.39038085938, -0.0972233861684799, -74.5336303710938, 129.511568083383, 246.8975525944, 123.710718317979, 38.3260107075352, 2166.23034183902, 12.7904332831337, -597653.334252103, 290.587387817079, 0.0991453487241421, 10.10302734375, 174.693649291992, 174.674011230469, 1.76955798838982, 26.2142788341391, 74.7607224903975, 74.7607224903975, 75.5996478858718, 89.8049452513496, 90.3300133470062, 371.48434003394, 0.0770108061942075
22.7640997314254, 1513.96306924615, 1450.28833007813, -0.0972304865717888, -74.5294723510742, 137.292661895409, 254.006147183972, 130.545614104791, 42.5100167565381, 2394.58579432149, 13.5102113718307, -597558.138441885, 291.530222142461, 0.0991634488949304, 10.0341968536377, 175.233367919922, 175.213073730469, 1.78800255113601, 26.6924913884643, 73.97941300207, 73.97941300207, 73.7271936636412, 90.198662002117, 89.8577342116514, 390.263081772209, 0.0854681465681632
23.8440997314244, 1658.759509617, 1595.59167480469, -0.0972377136349678, -74.5248565673828, 145.191768083412, 261.507570407815, 137.333043595722, 47.1196347543352, 2634.64572522382, 14.227497292211, -597451.086210389, 292.523087337869, 0.0982964479794356, 9.96281623840332, 175.790740966797, 175.769790649414, 1.80742787307276, 29.2474542013257, 73.1682975444671, 73.1682975444671, 73.7419224385604, 89.8029936906866, 90.0498404746714, 409.230830225401, 0.0939565364656872
24.9640997314234, 1816.69918628281, 1753.38842773438, -0.0972428992390633, -74.5195770263672, 153.455517575205, 269.244557370873, 144.473440864082, 51.7300235494347, 2898.20418142003, 14.9839876294596, -597341.433202755, 293.500803768867, 0.0974309852802181, 9.89398574829102, 176.386352539063, 176.364776611328, 1.82707820243449, 30.5025399313267, 72.3854338814393, 72.3854338814393, 72.8113224182738, 90.1957743723721, 89.9891759173717, 428.391935967221, 0.102654582979272
26.0440997314224, 1976.56281276117, 1912.95874023438, -0.0972472727298737, -74.5139846801758, 161.634425731703, 277.133901073026, 151.397513665714, 56.6079258796051, 3165.84952585783, 15.7203225425325, -597222.925226707, 294.503589349569, 0.0975800397653863, 9.82515525817871, 176.976272583008, 176.954162597656, 1.84699731533473, 31.4692707898247, 71.6017829863726, 71.6017829863726, 71.5897827541635, 89.804096292583, 90.1017513641164, 448.471641245367, 0.111709998467584
27.1240997314214, 2143.88534337236, 2081.03930664063, -0.0972499325871468, -74.5078735351563, 169.97350331907, 285.253939558216, 158.389882427923, 61.673452044522, 3447.37229854125, 16.4664789052545, -597096.995773454, 295.530984962646, 0.0975256826590851, 9.75632476806641, 177.579971313477, 177.557357788086, 1.86739567543918, 32.888805668088, 70.8172772503123, 70.8172772503123, 70.3157683940592, 90.202742480746, 89.3466876341716, 468.039398344555, 0.121092077314425
28.2040997314205, 2318.68432775408, 2257.7919921875, -0.0972523391246796, -74.5011978149414, 178.511312018747, 294.018544128763, 165.221191182154, 67.5886163048905, 3739.08717659407, 17.199583597135, -596946.627545372, 296.569339372893, 0.0973059273631948, 9.68749332427979, 178.195938110352, 178.172927856445, 1.8882692578134, 34.8499382689932, 70.0321944321565, 70.0321944321565, 69.8250769362847, 89.8052003695952, 89.9702020395223, 487.813617272877, 0.131103598694021
29.2840997314195, 2501.03328644054, 2440.31909179688, -0.0972525998950005, -74.4939498901367, 187.136794798151, 302.668788946368, 172.213951739386, 73.2290600313865, 4046.4127148249, 17.9520131610154, -596799.284144279, 297.635824936511, 0.0973139023609562, 9.61866188049316, 178.822723388672, 178.799331665039, 1.90961269408273, 36.2790306373332, 69.2171413473346, 69.2171413473346, 70.1704742878187, 89.8054951016864, 90.1440867285949, 507.798526577078, 0.140930997090953
30.4040997314185, 2698.12739316758, 2637.1611328125, -0.0972525402903557, -74.4858245849609, 196.214370198794, 311.811506308819, 179.506105030006, 79.4108474588292, 4392.31332514726, 18.7702123349339, -596633.562064777, 298.807560701198, 0.0972601074658531, 9.54473304748535, 179.483062744141, 179.459335327148, 1.93280560929531, 35.7809984133939, 68.4012696633584, 68.4012696633584, 68.923706566511, 90.1945439800049, 89.990722557818, 527.253786477258, 0.151191738672977
31.5240997314174, 2903.4386896661, 2844.50073242188, -0.0972526073455811, -74.4770355224609, 205.549657410399, 321.269275078337, 186.920173205171, 85.5071829962134, 4729.79296961683, 19.544492478242, -596465.919185019, 299.931031767341, 0.0972792025489599, 9.47590255737305, 180.152160644531, 180.128112792969, 1.95537384660367, 36.7783924583336, 67.6135824433376, 67.6135824433376, 67.6640069130097, 89.8054427193382, 89.9393597949151, 547.681362676612, 0.161359341443213
32.6040997314165, 3109.22313365224, 3051.9384765625, -0.0972465500235558, -74.4679107666016, 214.685007724425, 330.642234911613, 194.030998842792, 91.878123403535, 5080.33016245754, 20.3202799562411, -596286.23369167, 301.073517903607, 0.15698011205511, 9.40707111358643, 180.803970336914, 180.779724121094, 1.97814464821055, 39.1990028308188, 66.8250216646572, 66.8250216646572, 66.8929587580243, 89.7971028944216, 87.4157388012334, 568.339865294852, 0.171632505520856
33.6840997314155, 3322.62004599255, 3267.16137695313, -0.097248300909996, -74.4581069946289, 223.987881690909, 340.408206897425, 201.015451296742, 98.8095462394924, 5441.76705596072, 21.0873503647415, -596085.597967801, 302.229488580427, 0.0991469396357895, 9.33824062347412, 181.46076965332, 181.436370849609, 2.00136739012869, 40.4114897026901, 66.0359849496396, 66.0359849496396, 66.0051300057545, 89.8050520980568, 90.056811702456, 589.225637033522, 0.181913654221875
34.7640997314145, 3543.68519308884, 3492.44409179688, -0.0972395986318588, -74.4476013183594, 233.478378488268, 350.525984103024, 207.908686383481, 106.235993199562, 5814.64651889342, 21.8495400576804, -595864.70644182, 303.402705633268, 0.101946153505689, 9.2694091796875, 182.120849609375, 182.096389770508, 2.02503431172177, 40.7516364823113, 65.246380505293, 65.246380505293, 66.2246747545018, 90.200981163634, 88.8280942259307, 610.342511422965, 0.192650394894857
35.8440997314135, 3772.3659491099, 3728.14672851563, -0.0972192138433456, -74.4363708496094, 243.065606841719, 360.320302619184, 215.239823597124, 112.927747387604, 6210.63998025621, 22.6606172824081, -595659.551418533, 304.630121013222, 0.117675228069385, 9.19802951812744, 182.783065795898, 182.758514404297, 2.04914215246984, 40.2704067082248, 64.4270387064004, 64.4270387064004, 64.147773784458, 90.2205532344007, 89.9862179950722, 631.694238478432, 0.202849023229012
36.9640997314125, 4017.72088205616, 3982.732421875, -0.0971903800964355, -74.4239273071289, 253.32175452177, 370.889470921466, 222.935771470563, 120.297612278903, 6638.48781886348, 23.5171192323155, -595427.697766283, 305.943749182373, 0.110597844052142, 9.12919807434082, 183.470352172852, 183.44580078125, 2.07460251178808, 43.8256570201759, 63.6362063325403, 63.6362063325403, 63.3410662684555, 90.2179349785573, 89.8708023346126, 653.284834804333, 0.213275845175246
38.0440997314115, 4262.23003375798, 4241.0849609375, -0.0971629396080971, -74.4111404418945, 263.344447978947, 381.499921231796, 230.067448682018, 128.137519000492, 7058.82359168259, 24.3185233606965, -595174.494506788, 307.212122542347, 0.110036553067097, 9.06036758422852, 184.132293701172, 184.107803344727, 2.09959268120058, 45.8434356177486, 62.8447894597774, 62.8447894597774, 62.9269919832951, 89.7795314644068, 90.0816597140606, 675.931056483656, 0.223444532288455
39.1240997314105, 4514.61011851043, 4510.86083984375, -0.0971353873610497, -74.397590637207, 273.356551849073, 391.899137786479, 237.362917805544, 135.582415103665, 7497.22665419022, 25.1411193942286, -594926.856762241, 308.51061965649, 0.109742417847754, 8.99153709411621, 184.792114257813, 184.767700195313, 2.12500905577373, 45.9713828949157, 62.0525515165168, 62.0525515165168, 63.1392578661674, 90.2185520289898, 90.067466181399, 698.017944231744, 0.233153857843269
40.2040997314095, 4774.95088676619, 4774.95068359375, -0.0971073061227798, -74.38330078125, 283.429298232042, 402.291086325655, 244.740977329063, 142.947404989146, 7952.28991066758, 25.9772242625253, -594675.125010508, 309.837301411689, 0.0981401369169192, 8.92270660400391, 185.448852539063, 185.424591064453, 2.15085253733447, 46.3203882710988, 61.2593230287409, 61.2593230287409, 62.7306936511352, 89.775339798969, 89.5088009763135, 720.35406737391, 0.242724619589919
41.2840997314086, 5043.20072743355, 5043.20068359375, -0.09708371758461, -74.3682327270508, 293.794905091908, 413.220327750877, 251.954883798647, 151.109687176689, 8417.93945193116, 26.8031044637195, -594389.171935334, 311.185169084595, 0.114410954414537, 8.85387516021729, 186.101058959961, 186.077026367188, 2.17711645842228, 46.9852302596889, 60.4358212504249, 60.4358212504249, 61.1330108622301, 89.7831068671964, 89.1933279644442, 742.942828229838, 0.251800949726367
42.3640997314076, 5319.163615742, 5319.16357421875, -0.0970588400959969, -74.3523025512695, 304.764770121103, 425.021461518792, 259.153807833786, 160.377151161213, 8908.41928638541, 27.6373015667801, -594055.404548581, 312.592172668324, 0.104987682282081, 8.78249549865723, 186.746643066406, 186.722885131836, 2.20449974406006, 49.3050260599553, 59.6415186659116, 59.6415186659116, 60.0440835316228, 90.234353907748, 89.2938830760863, 765.787916280577, 0.260675894180872
43.4840997314066, 5613.25593475334, 5613.255859375, -0.0970269367098808, -74.3348159790039, 315.457955446648, 436.672897965796, 265.816040137115, 169.869095947686, 9387.60661660833, 28.4189683706991, -593703.236885876, 313.951974514225, 0.111911865185752, 8.71366500854492, 187.407165527344, 187.383758544922, 2.23185390945553, 51.1679827545434, 58.8477597938084, 58.8477597938084, 59.7319581747926, 90.2298845845567, 90.0114203897863, 789.753481791274, 0.26896828502627
44.5640997314056, 5904.37518167612, 5904.375, -0.0970015302300453, -74.3170166015625, 326.061612011137, 447.894095425509, 272.834554189863, 178.542514931936, 9890.19521156, 29.2422993534133, -593370.955287189, 315.3562779927, 0.0999851122646364, 8.6448335647583, 188.034149169922, 188.011093139648, 2.25931187336539, 54.0500063203341, 58.0546557676606, 58.0546557676606, 59.0378674502666, 89.7340219968207, 91.7651156778969, 813.129130085861, 0.276594089142021
45.6440997314046, 6202.84190161154, 6202.841796875, -0.0969817116856575, -74.2982711791992, 337.323292150046, 459.990377788086, 279.874926215108, 188.300269659841, 10407.9648633312, 30.0781609762499, -592987.208674259, 316.819931885395, 0.0972855106210835, 8.57600212097168, 188.650329589844, 188.627700805664, 2.28715082025762, 52.9014349899519, 57.262577293918, 57.262577293918, 57.5906026061559, 90.1943090266861, 89.2861916991869, 836.76971394949, 0.284037104323857
46.7240997314036, 6509.18397423869, 6509.18408203125, -0.0969657823443413, -74.2784881591797, 349.52205133202, 473.103133202726, 287.326233692872, 199.020774341776, 10953.7156404585, 30.9697899984542, -592553.068347003, 318.394451368702, 0.104250645365013, 8.50717163085938, 189.255416870117, 189.233215332031, 2.31538030851459, 48.0721352507689, 56.4408067651204, 56.4408067651204, 56.47685538758, 90.2075704054539, 89.7998472843412, 860.677798333885, 0.29262527432998
47.8440997314026, 6835.57664913253, 6835.57666015625, -0.0969399809837341, -74.2567901611328, 362.810674376901, 487.348747679168, 295.335315048461, 210.733491932926, 11545.9230122706, 31.9363332093532, -592063.101981471, 320.115795192482, 0.103693866804447, 8.43579196929932, 189.870803833008, 189.849044799805, 2.34507601869954, 45.499729045399, 55.6470711534161, 55.6470711534161, 55.6815104436694, 89.791451900087, 90.0247227805417, 884.855963151372, 0.301060910514861
48.9240997314016, 7158.80694958312, 7158.80712890625, -0.0969185680150986, -74.2347106933594, 375.444234474028, 500.796438542012, 302.985846730818, 221.715810839189, 12131.3546202219, 32.8676194387652, -591587.779491231, 321.787582263462, 0.0985461861031377, 8.3669605255127, 190.451522827148, 190.430236816406, 2.37411652391774, 48.885124509753, 54.8517997470863, 54.8517997470863, 55.5758034939124, 89.7962808754195, 90.6742485637512, 910.220633804052, 0.308331499169146
50.0040997314006, 7490.22034400213, 7490.22021484375, -0.0969102010130882, -74.2114791870117, 388.825538612382, 515.122272272109, 310.746958284771, 233.712659102465, 12737.9923685524, 33.8248945968044, -591052.435134228, 323.542770391747, 0.0970134200572078, 8.29813003540039, 191.018844604492, 190.998077392578, 2.40355224770969, 45.3006744853451, 54.0556122602478, 54.0556122602478, 53.6193571889399, 89.7997819300608, 91.407645223788, 934.960178055951, 0.315513734908732
51.0840997313996, 7830.06734152953, 7830.0673828125, -0.0969128236174583, -74.1870040893555, 402.730624168441, 530.548615098015, 318.983280909838, 246.720097386518, 13392.3449029789, 34.8518517774611, -590452.153517579, 325.447196736472, 0.0996434668439123, 8.22675037384033, 191.571640014648, 191.551422119141, 2.43423583492636, 46.9212128424816, 53.2283248031801, 53.2283248031801, 52.4994572266941, 90.1979322028661, 89.4849390417854, 959.977634124767, 0.322197176672077
52.2040997313986, 8191.6338324846, 8191.6337890625, -0.0969218313694, -74.1602554321289, 417.642922509748, 545.897069233909, 327.01840033756, 259.777878925589, 14045.5594274052, 35.8662954506776, -589828.566573357, 327.355520650547, 0.0970420382001732, 8.15791893005371, 192.12907409668, 192.109436035156, 2.46473362606448, 46.1483824882058, 52.4288210263373, 52.4288210263373, 52.2678544370538, 90.194096366941, 89.8380259359197, 985.286438010608, 0.328369028687205
53.2840997313976, 8549.2524291157, 8549.251953125, -0.0969229489564896, -74.1331024169922, 432.604184423877, 561.871983554346, 335.143117938509, 273.542391808124, 14721.5676089847, 36.9066058419048, -589148.536652025, 329.34618586832, 0.0969438563442135, 8.08908843994141, 192.650665283203, 192.631637573242, 2.49537661561824, 42.7739013676468, 51.6273808529239, 51.6273808529239, 51.7220469727133, 90.1938729155956, 89.942955093907, 1010.88290651509, 0.333889606767568
54.3640997313967, 8915.87907417712, 8915.87890625, -0.0969206616282463, -74.1045608520508, 447.920322030954, 578.08984556326, 343.597003497012, 287.356365432897, 15429.6815965989, 37.9972511018099, -588441.560466734, 331.429670399829, 0.0969230792684661, 8.0202579498291, 193.155853271484, 193.137466430664, 2.52642328565758, 42.0621490135656, 50.793745737928, 50.793745737928, 51.0098473951265, 90.1938837327921, 89.8254262355289, 1036.76704733074, 0.337279768685587
55.4840997313956, 9305.66587605001, 9305.666015625, -0.0969025045633316, -74.0734710693359, 464.156758397436, 595.466276471577, 351.809567346384, 302.773010411799, 16165.0989001776, 39.0866327240045, -587624.803413663, 333.609359865221, 0.0997862650247309, 7.94887828826904, 193.657318115234, 193.639846801758, 2.5589933886732, 40.1705668567407, 49.9876020786126, 49.9876020786126, 50.5143764109212, 90.1940806467388, 87.8794709257758, 1063.91707406697, 0.336397027887242
56.5640997313947, 9690.71905353072, 9690.71875, -0.0968678891658783, -74.0419998168945, 480.342494743954, 612.519191906504, 360.525674375341, 317.411603556134, 16926.3613503126, 40.2416656985556, -586820.08022424, 335.865767380004, 0.1141619664976, 7.88004732131958, 194.116607666016, 194.100036621094, 2.59073172784353, 38.2801777055369, 49.1793457070368, 49.1793457070368, 49.4085633283202, 90.1940449049521, 89.5132494395546, 1089.4137720046, 0.334883670981423
57.6440997313937, 10085.1473113268, 10085.1474609375, -0.0968209505081177, -74.0090179443359, 497.037720335498, 630.022541865815, 369.574200129837, 332.357320839639, 17724.0820472761, 41.4533731270149, -585969.532623466, 338.238198879495, 0.111888089370087, 7.81121635437012, 194.552429199219, 194.536697387695, 2.62280991080201, 36.411603901058, 48.3685090948537, 48.3685090948537, 48.34740646128, 89.7864226123319, 90.1238739374645, 1116.18485804031, 0.332691976345017
58.7240997313927, 10489.1382559056, 10489.138671875, -0.0967726334929466, -73.9731369018555, 515.378394254126, 649.404200469565, 378.763815436298, 349.503733471889, 18570.4134491666, 42.7191571610653, -584959.6266318, 340.812974427766, 0.10785289007874, 7.7398362159729, 194.965301513672, 194.950393676758, 2.65625140453278, 34.1365194950284, 47.5247931184922, 47.5247931184922, 47.2465800985842, 89.7864494423498, 90.062935046515, 1143.25197050234, 0.330453155307801
59.8440997313917, 10918.3883487849, 10918.388671875, -0.0967291742563248, -73.9368286132813, 533.642679592711, 668.640084412251, 387.850394492683, 366.533179593601, 19421.7886805532, 43.9902989013914, -583918.157713593, 343.420898177585, 0.107042544869089, 7.6710057258606, 195.369735717773, 195.355697631836, 2.6892799983236, 32.0253023206744, 46.7081650171003, 46.7081650171003, 46.7728803800229, 89.7854173463036, 90.0480922610342, 1171.63712397305, 0.327584709923534
60.9640997313907, 11358.2123035879, 11358.2119140625, -0.0966789200901985, -73.8973617553711, 552.55754608333, 688.534204897799, 397.080695957365, 384.248300606666, 20322.6917368083, 45.3086047459611, -582792.782442918, 346.172428981657, 0.17086412605038, 7.60036039352417, 195.750625610352, 195.737442016602, 2.72347491738567, 31.2737330371587, 45.8581032470238, 45.8581032470238, 45.9822359555198, 90.2202071297922, 89.8981578955736, 1200.34514576625, 0.323299051779354
62.0440997313897, 11792.0773884126, 11792.0771484375, -0.0965947061777115, -73.8560333251953, 572.220128331779, 709.173506199608, 406.530643903091, 402.701762624802, 21262.3722285205, 46.6840656901218, -581575.577725557, 349.076000080995, 0.142059874169085, 7.52898025512695, 196.095642089844, 196.083251953125, 2.75818538448533, 34.7063825071226, 45.0055773668764, 45.0055773668764, 45.1877837204523, 90.387587504126, 90.0302075858082, 1228.33298898938, 0.318196084395044
63.1640997313887, 12252.4709801942, 12252.470703125, -0.0964886695146561, -73.8143539428711, 591.729900755959, 729.617660628112, 415.751963974193, 421.063638305136, 22202.1862740802, 48.0542472577659, -580318.097203549, 352.005572317475, 0.12041221667077, 7.46014928817749, 196.431182861328, 196.419570922852, 2.7924341413593, 29.7416113634132, 44.1807485283478, 44.1807485283478, 44.3281480708894, 89.5878272157009, 90.4459489326434, 1257.68062949201, 0.31276592232147
64.2440997313877, 12706.5533198006, 12706.5537109375, -0.0963777303695679, -73.7708206176758, 611.652189519902, 750.470280220747, 424.975306418291, 439.902723257727, 23171.0143030102, 49.4564461078277, -578979.095076874, 355.048483680162, 0.141246442324509, 7.39131879806519, 196.733947753906, 196.723098754883, 2.82695789034446, 30.2760845428611, 43.3532401738099, 43.3532401738099, 43.476779496445, 89.7109542992097, 90.5661838549163, 1286.29293088399, 0.306519366157279
65.3240997313867, 13170.4611262681, 13170.4609375, -0.0962795838713646, -73.7253952026367, 631.807461822447, 771.571340748126, 433.992932699151, 459.163189732232, 24158.8124886518, 50.8667821438652, -577558.069094105, 358.174469608241, 0.1217963932692, 7.32248783111572, 197.016738891602, 197.006622314453, 2.86194743749835, 31.554491747479, 42.4926281281134, 42.4926281281134, 42.5013133162639, 89.7544487843259, 90.2276251685964, 1315.21599369466, 0.299090670532709
66.4440997313857, 13661.8096842198, 13661.8095703125, -0.0961928218603134, -73.6762390136719, 653.179703279867, 794.02347646545, 442.846901653726, 480.135802135719, 25189.8258590719, 52.3121665744296, -575951.274058467, 361.50226365171, 0.118759837600492, 7.25110769271851, 197.289672851563, 197.2802734375, 2.89874855909079, 30.0583100785038, 41.6607997917763, 41.6607997917763, 42.0004619256642, 90.2377112070605, 89.9477382720546, 1345.54263708256, 0.291257411524019
67.5240997313847, 14145.4800476833, 14145.48046875, -0.0961127057671547, -73.6268157958984, 674.283673395603, 815.986732774655, 452.248799706657, 500.129533070224, 26259.2019339894, 53.8428919407656, -574358.080693881, 364.936950740832, 0.116371383739259, 7.18227672576904, 197.53434753418, 197.525604248047, 2.9347623022066, 29.9142613780409, 40.8270734670435, 40.8270734670435, 40.8730095054021, 90.2331292763286, 89.9425896571933, 1374.01334563747, 0.282802824455096
68.6040997313837, 14638.7329313519, 14638.7333984375, -0.0960333421826363, -73.5753479003906, 695.685733225189, 838.352337547325, 461.004427088594, 521.012119808056, 27326.7734093887, 55.3400487606806, -572631.722103047, 368.436188014721, 0.1149722029183, 7.11344575881958, 197.761276245117, 197.753173828125, 2.97131367595919, 32.0997710737401, 39.9918430970319, 39.9918430970319, 39.9420519821266, 89.769798093559, 89.9755865233691, 1403.89931145047, 0.273362096724362
69.6840997313827, 15141.4120477918, 15160.208984375, -0.0959550067782402, -73.519775390625, 718.301774179617, 861.964570860656, 469.999243829969, 543.19262631085, 28463.1765048379, 56.9286729003815, -570726.058464924, 372.209565733598, 0.126614793098357, 7.04206609725952, 197.970855712891, 197.970855712891, 3.00980772199228, 32.9450179450721, 39.1244412873493, 39.1244412873493, 39.217113515613, 89.7650716687553, 90.8037301438991, 1434.10945454382, 0.263767871858507
70.8040997313817, 15672.5131860904, 15672.513671875, -0.0958816260099411, -73.4640197753906, 740.408053368232, 885.075462518161, 478.242761142631, 565.232734890545, 29568.033162612, 58.455894941452, -568757.998502255, 375.948832466266, 0.10863825451357, 6.9732346534729, 198.170654296875, 198.163803100586, 3.04752048136251, 32.1303748934276, 38.2871525933702, 38.2871525933702, 38.5408212727641, 89.7801091440875, 90.1289766350973, 1465.78557840925, 0.253730160207761
71.8840997313807, 16194.0850078032, 16194.0849609375, -0.0958157405257225, -73.4060897827148, 763.148394047463, 908.761460455909, 486.838197306296, 587.693895169243, 30727.4093888466, 60.0779496781109, -566674.018488415, 379.911208508138, 0.107388690659057, 6.9044041633606, 198.347274780273, 198.341003417969, 3.08584656313142, 30.6803583224027, 37.4491197849601, 37.4491197849601, 38.6146662431503, 89.7835328566177, 90.0601744930845, 1496.66740798911, 0.243285881032151
72.9640997313797, 16725.0656852165, 16725.06640625, -0.0957508534193039, -73.3459320068359, 786.335293371497, 932.814903241516, 495.836819426575, 610.302496953385, 31946.838101099, 61.8016931203676, -564494.004661758, 384.094042798586, 0.105133231937232, 6.83302402496338, 198.509429931641, 198.503677368164, 3.12482442109911, 27.6181782229791, 36.5790040450679, 36.5790040450679, 37.4114655984344, 90.2119130698688, 89.9088345154882, 1527.88541181253, 0.231784409276123
74.0840997313787, 17285.4427674897, 17285.443359375, -0.0956918373703957, -73.2811584472656, 810.658339565802, 958.101115680524, 504.54938185197, 634.505306818278, 33213.8182708146, 63.5742730741887, -562068.66566041, 388.544678218053, 0.104723561616175, 6.76419305801392, 198.663543701172, 198.658294677734, 3.16597323560129, 33.6914767817182, 35.7393436899045, 35.7393436899045, 36.3627102096159, 90.1948547113141, 89.8687803769567, 1560.6208639287, 0.220534313163305
75.1640997313777, 17835.269409826, 17835.26953125, -0.0956452786922455, -73.2163467407227, 834.821727662545, 983.125583300153, 513.447105606701, 658.254888470054, 34507.7518087883, 65.4132256511861, -559593.802483294, 393.124763250057, 0.101520329255872, 6.69536256790161, 198.799163818359, 198.794357299805, 3.20638405978515, 30.6726772053462, 34.89910645866, 34.89910645866, 35.9481509941488, 90.1993939546793, 89.6915020428463, 1591.35634462161, 0.209432035196024
76.2440997313768, 18394.6196078215, 18394.619140625, -0.0955967679619789, -73.1491851806641, 859.446514602828, 1008.62181445517, 522.181648406877, 682.623454835813, 35834.5558219701, 67.3025731910585, -556955.110900134, 397.906581023674, 0.101637457340771, 6.62653160095215, 198.92268371582, 198.918334960938, 3.24754923339167, 28.523157383052, 34.0579245343817, 34.0579245343817, 34.993411776974, 89.7973363356691, 90.0760346444499, 1623.62473108754, 0.198087233949381
77.3240997313758, 18984.5328830055, 18984.533203125, -0.0955445691943169, -73.0769958496094, 885.419819090966, 1035.4952708773, 531.124005246983, 708.431875200593, 37249.8248990203, 69.3257306559123, -554047.8616832, 403.092260643372, 0.101666181674091, 6.55515146255493, 199.038604736328, 199.03466796875, 3.29106795845331, 31.0304198397882, 33.1848707649206, 33.1848707649206, 33.9096346982715, 90.2018049526148, 90.0505629625236, 1656.24962276635, 0.187362136544482
78.4440997313748, 19562.4744081203, 19562.474609375, -0.095494270324707, -73.0048675537109, 910.701058863903, 1061.73259403803, 538.789783393663, 734.222198829546, 38595.4446872543, 71.2341985397946, -551025.450739971, 408.20672834552, 0.10072224677207, 6.48632049560547, 199.139389038086, 199.135848999023, 3.33386537334163, 25.7367817253538, 32.3429029413613, 32.3429029413613, 32.486000403541, 90.2004990246199, 89.9504786230603, 1690.46647536505, 0.176882271097756
79.5240997313738, 20148.6957427451, 20148.6953125, -0.0954444110393524, -72.9302215576172, 936.438674848563, 1088.39486215435, 546.517193407684, 760.418694554476, 39990.0254161481, 73.2341041476427, -547830.904114812, 413.585898645806, 0.0998729978426988, 6.41748952865601, 199.23014831543, 199.226959228516, 3.377512566686, 37.4749210511507, 31.5017457022613, 31.5017457022613, 32.177198816901, 90.1999646984954, 89.9450514529027, 1722.5975031675, 0.166356783458342
80.6040997313728, 20742.7097203917, 20742.708984375, -0.0953999161720276, -72.8529891967773, 962.403813472763, 1115.3189728798, 553.62359969501, 787.22447920978, 41385.8700296998, 75.2387650046705, -544429.356751643, 419.135178613791, 0.0954516365135964, 6.34610986709595, 199.312026977539, 199.309143066406, 3.42229456572587, 32.8312110172234, 30.6309201823829, 30.6309201823829, 29.1447359551331, 89.7456112394836, 90.2698399029481, 1756.34085891455, 0.156502842087189
81.7240997313718, 21366.0069290191, 21366.0078125, -0.09535251557827, -72.7700881958008, 989.708108465227, 1143.67307242393, 560.171643003256, 815.922936569754, 42821.8747135014, 77.3105072957746, -540636.160749394, 425.084506337396, 0.096554938958397, 6.27727842330933, 199.388626098633, 199.386032104492, 3.46921850180391, 52.8130275653365, 29.7939031774468, 29.7939031774468, 28.7330484688379, 90.2024445188562, 89.6559631544853, 1791.73825859398, 0.146868316820621
82.8040997313708, 21973.8352750787, 21973.8359375, -0.0953072234988213, -72.6873931884766, 1016.56968988197, 1171.55679076807, 566.109446730361, 844.354408849678, 44227.1045421362, 79.3657843978477, -536719.031162254, 431.101302229067, 0.0994969357407962, 6.20844793319702, 199.45539855957, 199.453063964844, 3.5156912001687, 52.3753645049163, 28.9599520280821, 28.9599520280821, 28.9153630674651, 89.8003965657022, 90.162735407954, 1826.26605138924, 0.137539257169681
83.8840997313698, 22588.5476138674, 22588.546875, -0.0952588319778442, -72.6019287109375, 1044.07120517687, 1200.05875081209, 572.014036656389, 873.43293425431, 45681.7148164785, 81.5344459146754, -532543.524512275, 437.476798887263, 0.0991640597621707, 6.13961696624756, 199.515640258789, 199.513519287109, 3.56317703631785, 23.4269562602072, 28.1286407661039, 28.1286407661039, 26.920525335403, 89.8004657214668, 89.9888191848724, 1861.19020103738, 0.128302378228259
85.0040997313688, 23232.8234983986, 23232.82421875, -0.095209151506424, -72.5103302001953, 1073.11693524353, 1230.0767120612, 578.470440031313, 903.854171399407, 47272.5506783883, 83.9563589430354, -527984.582069718, 444.512850502919, 0.0981995495756629, 6.06823682785034, 199.571487426758, 199.569595336914, 3.61353098898662, 44.9911856724866, 27.2694915221771, 27.2694915221771, 26.1354256639241, 89.8041646587123, 89.9440344894822, 1896.51852556339, 0.119766144943087
86.0840997313678, 23860.7785572801, 23860.779296875, -0.0951617956161499, -72.419075012207, 1101.82884866218, 1259.69232639655, 584.857499885635, 933.79280358537, 48883.0271431612, 86.4614757746052, -523303.385589099, 451.759024697541, 0.0986476094629327, 5.99940633773804, 199.619415283203, 199.617736816406, 3.66320073036252, 36.6024097123894, 26.4440340263565, 26.4440340263565, 25.2887654606128, 89.8026869721285, 90.1035047854532, 1933.59227082137, 0.111752507695548
87.1640997313668, 24495.640975574, 24495.640625, -0.095114067196846, -72.3249282836914, 1131.10081525035, 1289.85392043906, 591.138527777721, 964.336464169226, 50551.8624076165, 89.1067140031212, -518321.785943374, 459.438057374926, 0.099015560421826, 5.93057537078857, 199.662033081055, 199.660537719727, 3.71401605532626, 36.9385300242346, 25.620839095938, 25.620839095938, 24.5860293676425, 90.1958980793828, 90.0560233091897, 1969.7693167156, 0.103956859271795
88.2440997313659, 25137.1755848505, 25137.17578125, -0.0950645729899406, -72.2278137207031, 1160.82787428517, 1320.47466379212, 597.03849158163, 995.523414701082, 52258.8035010521, 91.9653534944474, -512809.445819524, 467.834846625207, 0.0980602737152401, 5.85919523239136, 199.699813842773, 199.698501586914, 3.76794943246838, 45.8757694925036, 24.7697079117649, 24.7697079117649, 24.9614553492143, 90.1918165382675, 89.3384889267109, 2006.37640758176, 0.0969183575666387
89.3640997313648, 25810.015014981, 25810.015625, -0.0950011909008026, -72.1239547729492, 1192.47409642888, 1352.94610084992, 604.220182738747, 1028.06269133419, 54208.7727860957, 95.0817236216203, -507226.498435591, 476.660815004343, 0.105859060026622, 5.79036426544189, 199.734481811523, 199.733306884766, 3.82127918123208, 29.5587557816956, 23.9509209869418, 23.9509209869418, 25.0335128030842, 90.2027689680459, 89.6110770985228, 2044.80504796691, 0.0902981492435442
90.4840997313638, 26490.8007038212, 26490.80078125, -0.0949181765317917, -72.0168380737305, 1224.73132570949, 1386.01357288121, 611.35617626605, 1061.23087389387, 56254.1920048419, 98.524896782702, -501058.221518003, 486.414930495292, 0.101386150767522, 5.71898412704468, 199.765213012695, 199.764190673828, 3.87794701912748, 35.9120298030091, 23.0729270768342, 23.0729270768342, 23.5814410993386, 89.7957504939363, 90.2645133209347, 2083.71714299106, 0.0831003409757952
91.6040997313628, 27179.3166003061, 27179.31640625, -0.0948426350951195, -71.9063949584961, 1257.60020077031, 1419.68666322546, 618.323084983083, 1095.09606129375, 58393.3860634107, 102.201424130355, -494469.310077372, 496.835353209051, 0.0993472650742853, 5.64760398864746, 199.792694091797, 199.791763305664, 3.93608925960754, 33.3630186323035, 22.2571399117656, 22.2571399117656, 22.9738184896636, 90.1992832382748, 89.8780116229492, 2120.30425110102, 0.0767412946514581
92.6840997313618, 27850.1504528879, 27850.150390625, -0.0947732329368591, -71.7966842651367, 1289.79518495145, 1452.66763152477, 624.598960574213, 1128.47171326011, 60525.4703367313, 105.947242590104, -487676.500646127, 507.517069636007, 0.0999951745834744, 5.578773021698, 199.816452026367, 199.81559753418, 3.99360779881552, 32.1511324151097, 21.443277395824, 21.443277395824, 21.3508193145457, 89.7997289633098, 90.0817371982306, 2160.19977440362, 0.0707043384865877
93.7640997313608, 28527.1468329323, 28527.146484375, -0.0947026014328003, -71.6837615966797, 1322.34435847091, 1486.06841400366, 629.508005865938, 1162.89077759266, 62635.9187311387, 109.763549173433, -480347.491634051, 518.712862562161, 0.100133501350391, 5.50994253158569, 199.837600708008, 199.836853027344, 4.05260089969133, 38.4622586024784, 20.6320516902743, 20.6320516902743, 20.8811334587182, 89.7990384437816, 90.1175891271627, 2199.16012868911, 0.0648390878273954
94.8440997313598, 29210.2246815519, 29210.224609375, -0.0946393013000488, -71.5675659179688, 1355.79144328338, 1520.2495060844, 636.119213804091, 1198.68238530042, 65123.1341955573, 114.327567978315, -472365.058000477, 531.513963630222, 0.103587704506693, 5.43856239318848, 199.856323242188, 199.855667114258, 4.11538428006284, 26.0204587250652, 19.7936034290414, 19.7936034290414, 18.9092930587044, 89.8016428158744, 91.4038422153343, 2237.14537778025, 0.0596244329811197
95.9640997313588, 29924.5202468609, 29924.51953125, -0.0946024358272552, -71.4435577392578, 1390.56397119833, 1555.9040905025, 640.256394137213, 1234.39891393719, 67422.3207035796, 118.712720264781, -464011.642244713, 544.336147891374, 0.0949541143979217, 5.36973142623901, 199.873382568359, 199.872833251953, 4.17757218261053, 46.8715749171325, 18.9882711018124, 18.9882711018124, 19.2489375999258, 90.1892888053744, 89.9011858270377, 2278.59781953517, 0.054806320133472
97.0440997313578, 30619.4411884904, 30619.44140625, -0.0945794507861137, -71.3205413818359, 1425.34271151715, 1591.38361316566, 646.730466299192, 1270.17410195786, 70157.7158025218, 123.959532625412, -455251.047209241, 558.750920052502, 0.095499365962543, 5.30090045928955, 199.887786865234, 199.887283325195, 4.24140700672367, 27.6439663376013, 18.185720392033, 18.185720392033, 19.6925102141128, 89.8085359033447, 90.0684452095553, 2319.09692443218, 0.0504556044260098
98.1240997313569, 31321.4615360525, 31321.4609375, -0.0945759415626526, -71.1941299438477, 1460.72292337152, 1627.43789060283, 653.417472941169, 1306.42940941691, 73119.7913142752, 129.74377781505, -445948.736664916, 574.38745201152, 0.0958209769725761, 5.23206949234009, 199.900421142578, 199.899978637695, 4.30699073173606, 27.3696116865134, 17.3548525338613, 17.3548525338613, 18.9616934084331, 89.8092724474244, 90.7396243566237, 2360.1285863739, 0.0463561043262124
99.2440997313558, 32056.757034578, 32056.7578125, -0.0945980474352837, -71.0593872070313, 1497.9077483771, 1665.36660155898, 659.209223558262, 1345.05454042985, 76294.5500580113, 136.139641683752, -435544.471691808, 591.777183152371, 0.094760825256578, 5.16068983078003, 199.911895751953, 199.911514282227, 4.37692737780833, 10.9766429602788, 16.5551204839705, 16.5551204839705, 17.5088830713403, 90.18955888575, 89.3336728741635, 2401.70361443503, 0.0427601103855396
100.324099731355, 32772.1742346255, 32772.17578125, -0.0945950523018837, -70.9258728027344, 1534.37861582392, 1702.54282917442, 664.686370113875, 1382.93555608111, 79603.3511023253, 142.955642434349, -424828.013294039, 610.04191101936, 0.0948392815268949, 5.09185886383057, 199.921615600586, 199.921295166016, 4.44629480569494, 12.9756696474772, 15.7573651204765, 15.7573651204765, 16.4704952826419, 90.1897073478264, 89.7912214164172, 2443.86343834164, 0.0394597643813041
101.404099731354, 33490.1025963341, 33490.1015625, -0.0945740193128586, -70.7898178100586, 1541.88532303986, 1710.52895519349, 662.22574520651, 1392.43256185488, 80561.2653898359, 144.200730878769, -421637.922852386, 614.69109511164, 0.0949994729664424, 5.07401371002197, 199.930297851563, 0, 0, N/A, 0, 0, 15.7812954741441, 90.1900015446562, 90.0064804879424, 2450.15815529667, 0.035356253826388
102.484099731353, 34202.396571797, 34202.3984375, -0.0945501402020454, -70.6540145874023, 1537.2045863225, 1706.24847947374, 656.246136388241, 1390.08614363769, 80437.001474072, 142.891927358837, -421734.714117337, 613.200672985017, 0.0946132181588732, 5.07401371002197, 199.938003540039, 0, 0, N/A, 0, 0, 20.4410655929053, 90.1900015446562, 89.955039072223, 2450.15815529667, 0.0309024170004358
103.564099731352, 34908.5532567685, 34908.5546875, -0.0945263803005219, -70.5185852050781, 1532.91108500157, 1702.33303147086, 650.826864430413, 1387.89079190206, 80401.3721350782, 141.737764010711, -421800.568312706, 611.963138745281, 0.0951602516134057, 5.07401371002197, 199.94482421875, 0, 0, N/A, 0, 0, 24.6690820788892, 90.1900015446562, 90.1317722910552, 2450.15815529667, 0.0269208974473599
104.684099731351, 35634.3051427651, 35634.3046875, -0.0944997146725655, -70.3785018920898, 1528.6448114792, 1698.45312871672, 645.362766728464, 1385.73513377809, 80391.0552457672, 140.591687115591, -421842.253071603, 610.774343294301, 0.0949524900618607, 5.07401371002197, 199.951065063477, 0, 0, N/A, 0, 0, 24.834769838521, 90.1900015446562, 90.0440850662204, 2450.15815529667, 0.0236146248332744
105.76409973135, 36328.2619829819, 36328.26171875, -0.0944732502102852, -70.2437744140625, 1524.58036595394, 1694.76170509655, 640.074585291091, 1383.70871396405, 80378.9584378804, 139.48498274303, -421873.141457313, 609.632328221627, 0.0950987978485086, 5.07401371002197, 199.956329345703, 0, 0, N/A, 0, 0, 24.8344340191069, 90.1900015446562, 89.9823795730198, 2450.15815529667, 0.0207596308132105
106.844099731349, 37016.5231858022, 37016.5234375, -0.0944474190473557, -70.1093826293945, 1520.56499052546, 1691.11466805663, 634.868402099968, 1381.68736000169, 80377.1497329324, 138.394817327222, -421908.920828429, 608.511286356762, 0.0948992151807923, 5.07401371002197, 199.960952758789, 0, 0, N/A, 0, 0, 24.9251626963492, 90.1900015446562, 90.0139444139909, 2450.15815529667, 0.0182135750293972
107.964099731348, 37724.2365085732, 37724.23828125, -0.0944195538759232, -69.9703750610352, 1516.43576148261, 1687.37358034295, 629.328481115845, 1379.68222318245, 80357.4614939993, 137.238311048086, -421924.594356458, 607.32573303092, 0.0950212662783977, 5.07401371002197, 199.965118408203, 0, 0, N/A, 0, 0, 24.8092497514025, 90.1900015446562, 90.0326900721109, 2450.15815529667, 0.0161043110998924
109.044099731347, 38400.8621000198, 38400.86328125, -0.0943918824195862, -69.8366622924805, 1512.49763745234, 1683.80531413568, 624.059197731508, 1377.75149917916, 80347.3117138238, 136.1370053248, -421945.154723676, 606.199201703884, 0.094955078511535, 5.07401371002197, 199.968658447266, 0, 0, N/A, 0, 0, 24.5244732492104, 90.1900015446562, 90.001715298388, 2450.15815529667, 0.0143783605071424
110.124099731346, 39071.8383055052, 39071.83984375, -0.0943636223673821, -69.7032852172852, 1508.60257705435, 1680.27802474869, 618.816355013029, 1375.84447578833, 80340.2771822085, 135.041304265516, -421964.626668513, 605.081728338486, 0.0949771893091944, 5.07401371002197, 199.971740722656, 0, 0, N/A, 0, 0, 24.4200916285048, 90.1900015446562, 89.9881651653414, 2450.15815529667, 0.012848360734991
111.244829711814, 39761.681447537, 39761.6796875, -0.0943337231874466, -69.5653076171875, 1504.60778068467, 1676.66357311784, 613.38315305456, 1373.90161466263, 80334.1477417372, 133.907204193527, -421980.674887134, 603.929411890698, 0.094974819101768, 5.07401371002197, 199.974548339844, 0, 0, N/A, 0, 0, 24.276575467584, 90.1900015446562, 89.9708094227483, 2450.15815529667, 0.0115585005674798
112.312823486228, 40413.0449581599, 40413.046875, -0.0943049788475037, -69.4342041015625, 1500.83197632614, 1673.2483437173, 608.220036203211, 1372.06595077894, 80329.5535026653, 132.828450372451, -421997.239021094, 602.833279138507, 0.0949068850498034, 5.07401371002197, 199.976898193359, 0, 0, N/A, 0, 0, 24.1240997437329, 90.1900015446562, 89.9792115225041, 2450.15815529667, 0.0104340381109668
113.339115600485, 41030.0635247919, 41030.0625, -0.0942766815423965, -69.3092651367188, 1497.25972509224, 1670.01958755061, 603.289165796832, 1370.33894643441, 80332.1016750849, 131.804792463223, -422010.866755737, 601.800520853726, 0.0949082215156677, 5.07401371002197, 199.978897094727, 0, 0, N/A, 0, 0, 23.9701262849164, 90.1900015446562, 89.9593010147675, 2450.15815529667, 0.00947238822935158
114.341219482321, 41637.5993838497, 41637.59765625, -0.094247855246067, -69.1855163574219, 1493.74390694715, 1666.84307725144, 598.409611755966, 1368.64048054715, 80316.6965209191, 130.773204274114, -422023.319299162, 600.74605155886, 0.0949854967885359, 5.07401371002197, 199.98078918457, 0, 0, N/A, 0, 0, 23.7967856715694, 90.1900015446562, 89.9494428568497, 2450.15815529667, 0.00862351302074555
115.46121948232, 42304.6069818473, 42304.60546875, -0.0942160934209824, -69.0487976074219, 1489.89488197286, 1663.36864856241, 593.010319433058, 1366.79387294152, 80311.9844189539, 129.643436929027, -422033.547442155, 599.604013096881, 0.0949701044483364, 5.07401371002197, 199.982666015625, 0, 0, N/A, 0, 0, 23.6302315391464, 90.1900015446562, 89.9819196742209, 2450.15815529667, 0.0078259879259599
116.541219482319, 42942.0724134903, 42942.07421875, -0.094184547662735, -68.9172744750977, 1486.21305137178, 1660.0461251111, 587.817826510039, 1365.02725586655, 80308.342474428, 128.55533757622, -422044.826963548, 598.50365815788, 0.0949729430611808, 5.07401371002197, 199.984329223633, 0, 0, N/A, 0, 0, 23.4549866088396, 90.1900015446562, 89.9849829447466, 2450.15815529667, 0.00709522861549199
117.621219482318, 43573.9299950072, 43573.9296875, -0.0941524058580399, -68.7860488891602, 1482.56359882267, 1656.75464934037, 582.628512145154, 1363.2823679595, 80304.4946141855, 127.467047986343, -422055.09415333, 597.403775420921, 0.0949739861326093, 5.07401371002197, 199.98583984375, 0, 0, N/A, 0, 0, 23.2821634739305, 90.1900015446562, 89.9867776551137, 2450.15815529667, 0.00640829080259045
118.741219482317, 44223.2739754413, 44223.2734375, -0.0941184535622597, -68.6502685546875, 1478.81964811226, 1653.38038533306, 577.255042563693, 1361.50069508676, 80301.0873766385, 126.340005090813, -422063.272279512, 596.26721716271, 0.0949740810345135, 5.07401371002197, 199.987274169922, 0, 0, N/A, 0, 0, 23.1062500277117, 90.1900015446562, 89.9864746619617, 2450.15815529667, 0.00580894252914709
119.821219482316, 44843.7326925425, 44843.734375, -0.0940851271152496, -68.5196380615234, 1475.24579807516, 1650.16143886848, 572.081326003762, 1359.80627188986, 80298.2517116461, 125.254331196238, -422069.666172575, 595.173962836321, 0.0949741349324594, 5.07401371002197, 199.988494873047, 0, 0, N/A, 0, 0, 22.9409232337245, 90.1900015446562, 89.9861011904984, 2450.15815529667, 0.00526649165397876
120.861219482315, 45435.9350570936, 45435.93359375, -0.0940525010228157, -68.3941192626953, 1471.82924029358, 1647.0851352999, 567.103496585544, 1358.18809904808, 80295.263100354, 124.208160380709, -422076.803549163, 594.119475379039, 0.0949740267988352, 5.07401371002197, 199.989562988281, 0, 0, N/A, 0, 0, 22.7894660457413, 90.1900015446562, 89.9856617777448, 2450.15815529667, 0.00477615951498473
121.981219482314, 46067.9036907562, 46067.90234375, -0.0940167829394341, -68.2592315673828, 1468.18346061399, 1643.80405933534, 561.750636813094, 1356.46558182499, 80292.3674623121, 123.082190344133, -422084.032570913, 592.985189840545, 0.0949740402877229, 5.07401371002197, 199.990585327148, 0, 0, N/A, 0, 0, 22.5987975570249, 90.1900015446562, 89.9852799140202, 2450.15815529667, 0.00433333535443694
123.061219482313, 46671.6319930848, 46671.6328125, -0.0939817652106285, -68.1294479370117, 1464.708035019, 1640.67884941939, 556.593780098953, 1354.83318932773, 80289.8269656558, 121.997488939763, -422087.947271328, 591.895186732662, 0.0949740333801846, 5.07401371002197, 199.991485595703, 0, 0, N/A, 0, 0, 22.4287860868045, 90.1900015446562, 89.984894857761, 2450.15815529667, 0.00393355955036088
124.141219482312, 47269.7973391982, 47269.796875, -0.0939461886882782, -67.9999465942383, 1461.25916168454, 1637.57783136618, 551.455985505698, 1353.20900584327, 80288.64947865, 120.914852513296, -422094.685385113, 590.806049188976, 0.0949740388793526, 5.07401371002197, 199.992279052734, 0, 0, N/A, 0, 0, 22.2512785089543, 90.1900015446562, 89.9846151940242, 2450.15815529667, 0.00355986577911621
125.261219482311, 47884.2496512572, 47884.25, -0.0939087122678757, -67.8659286499023, 1457.71246823154, 1634.39069389759, 546.120270343242, 1351.54662183289, 80285.877798536, 119.789317896074, -422100.557374925, 589.673415522446, 0.0949737693007817, 5.07401371002197, 199.993041992188, 0, 0, N/A, 0, 0, 22.0838813721963, 90.1900015446562, 89.9842786761613, 2450.15815529667, 0.00323468049377255
126.34121948231, 48471.1063682034, 48471.10546875, -0.0938720107078552, -67.7369766235352, 1454.33322414692, 1631.35617420873, 540.98941296003, 1349.96872658562, 80284.5089251392, 118.706911293314, -422104.151889033, 588.58693250385, 0.0949739542312726, 5.07401371002197, 199.993698120117, 0, 0, N/A, 0, 0, 21.9192611269602, 90.1900015446562, 89.9840025148925, 2450.15815529667, 0.00293999391790628
127.421219482309, 49052.4206950183, 49052.421875, -0.0938347578048706, -67.6082916259766, 1450.97919220797, 1628.34555527478, 535.852865740064, 1348.40732132354, 80281.7690361454, 117.581533167288, -422108.626104667, 587.455583123665, 0.0949737456807688, 5.07401371002197, 199.994293212891, 0, 0, N/A, 0, 0, 21.7358555943184, 90.1900015446562, 89.9836980228753, 2450.15815529667, 0.00266251280747058
128.541219482308, 49649.419764742, 49649.41796875, -0.093795545399189, -67.4751205444336, 1447.53943383212, 1625.25972189882, 530.541266979319, 1346.80969647662, 80280.1803544937, 116.499028709665, -422110.835069638, 586.370006042762, 0.0949740238708061, 5.07401371002197, 199.994842529297, 0, 0, N/A, 0, 0, 21.5703309108312, 90.1900015446562, 89.9832151677211, 2450.15815529667, 0.00241855629953324
129.621219482307, 50219.4661523746, 50219.46484375, -0.0937571823596954, -67.3469619750977, 1444.25081383953, 1622.31033822145, 525.428631324674, 1345.28255348067, 80278.9749729243, 115.416834490861, -422114.86697517, 585.283510495553, 0.0949738236977833, 5.07401371002197, 199.995330810547, 0, 0, N/A, 0, 0, 21.402780323857, 90.1900015446562, 89.982765457248, 2450.15815529667, 0.00218841432799095
130.701219482306, 50783.9899611723, 50783.98828125, -0.0937182828783989, -67.2190628051758, 1440.99459115974, 1619.28380697791, 520.123472469513, 1343.72222025205, 80276.8560144338, 114.293084321525, -422117.405400733, 584.155935277066, 0.0949737725012834, 5.07401371002197, 199.99577331543, 0, 0, N/A, 0, 0, 21.2195756515347, 90.1900015446562, 89.982747832317, 2450.15815529667, 0.00198700326669267
131.821219482305, 51363.5967524113, 51363.59765625, -0.0936773642897606, -67.0866928100586, 1437.65069922402, 1616.39602174812, 515.022432919292, 1342.23373897245, 80275.8637193661, 113.211526882521, -422120.245001732, 583.071230759277, 0.0949737218650358, 5.07401371002197, 199.996200561523, 0, 0, N/A, 0, 0, 21.0477711413133, 90.1900015446562, 89.9825802594738, 2450.15815529667, 0.00180420421575129
132.901219482304, 51916.8918956924, 51916.890625, -0.0936373621225357, -66.9593048095703, 1434.45592495982, 1613.53473054521, 509.929069717281, 1340.75953416331, 80275.075281374, 112.130257981924, -422123.842591812, 581.986359688212, 0.094973986005971, 5.07401371002197, 199.996551513672, 0, 0, N/A, 0, 0, 20.8752925303464, 90.1900015446562, 89.982160602325, 2450.15815529667, 0.0016327411227554
133.981219482303, 52464.6844143909, 52464.68359375, -0.0935953184962273, -66.8274612426758, 1431.1772479569, 1610.59976827399, 504.655630147037, 1339.25016073613, 80274.6486254298, 111.009861495828, -422127.083945119, 580.862950735397, 0.0949739876254058, 5.07401371002197, 199.996887207031, 0, 0, N/A, 0, 0, 20.7000554101536, 90.1900015446562, 89.981722895133, 2450.15815529667, 0.00148341733930288
135.101219482302, 53026.9581934813, 53026.95703125, -0.0935542285442352, -66.700569152832, 1428.04551687546, 1607.79824315967, 499.558694724747, 1337.81728687743, 80272.4663117664, 109.926066440941, -422128.431097039, 579.776257003164, 0.0949739859560832, 5.07401371002197, 199.997192382813, 0, 0, N/A, 0, 0, 20.5262881465935, 90.1900015446562, 89.9813856087073, 2450.15815529667, 0.00134845577935928
136.181219482301, 53563.5583597139, 53563.55859375, -0.0935126170516014, -66.5739212036133, 1424.94257419095, 1605.02336061963, 494.470223647036, 1336.3983396491, 80270.6109998542, 108.84277921619, -422130.569676647, 578.689689684808, 0.0949738339746878, 5.07401371002197, 199.997451782227, 0, 0, N/A, 0, 0, 20.3539615346964, 90.1900015446562, 89.9810820059924, 2450.15815529667, 0.00122227836946935
137.3012194823, 54114.2391725817, 54114.23828125, -0.0934689044952393, -66.4428329467773, 1421.75949015889, 1602.17796625486, 489.208836009668, 1334.94372426116, 80269.8130132356, 107.721719566553, -422133.012997145, 577.565968027882, 0.0949738446315065, 5.07401371002197, 199.997680664063, 0, 0, N/A, 0, 0, 20.1777362018966, 90.1900015446562, 89.9809115261036, 2450.15815529667, 0.00111261505363303
138.381219482299, 54639.6710095204, 54639.671875, -0.0934262201189995, -66.3166580200195, 1418.72450659846, 1599.46679561537, 484.135887835347, 1333.56351642993, 80268.6927277647, 106.640232597821, -422133.646489502, 576.483040725853, 0.094973707055991, 5.07401371002197, 199.997909545898, 0, 0, N/A, 0, 0, 20.0006350662133, 90.1900015446562, 89.9806276275252, 2450.15815529667, 0.00101352771192729
139.461219482298, 55159.629834993, 55159.62890625, -0.0933830142021179, -66.1907196044922, 1415.71521554589, 1596.77875719117, 479.078071742195, 1332.19133644549, 80268.4655343295, 105.56026983293, -422136.774558033, 575.400322373417, 0.0949738135475163, 5.07401371002197, 199.998107910156, 0, 0, N/A, 0, 0, 19.8290495522125, 90.1900015446562, 89.9803163468737, 2450.15815529667, 0.000920715016964618
140.581219482297, 55693.0697645483, 55693.0703125, -0.0933376550674438, -66.0603561401367, 1412.6301041739, 1594.02504848959, 473.828759378882, 1330.79303533253, 80267.4110846817, 104.438902350567, -422137.732010576, 574.277302571801, 0.0949738673918885, 5.07401371002197, 199.998275756836, 0, 0, N/A, 0, 0, 19.640585966228, 90.1900015446562, 89.9799703461718, 2450.15815529667, 0.000839670167953542
141.661219482296, 56201.8954038143, 56201.89453125, -0.0932933911681175, -65.9348831176758, 1409.68704446504, 1591.39925308298, 468.775668412475, 1329.46113916226, 80266.7999315519, 103.358475842389, -422138.672232852, 573.195601963518, 0.0949740724768447, 5.07401371002197, 199.998428344727, 0, 0, N/A, 0, 0, 19.4694018828551, 90.1900015446562, 89.9796801287208, 2450.15815529667, 0.000765857062522056
142.741219482295, 56705.262930395, 56705.26171875, -0.09324861317873, -65.8096237182617, 1406.77257076735, 1588.80004694533, 463.723387310624, 1328.14519954161, 80265.7677587669, 102.277102700389, -422139.612834361, 572.112608640262, 0.0949737715687631, 5.07401371002197, 199.998580932617, 0, 0, N/A, 0, 0, 19.2809106029129, 90.1900015446562, 89.979424031448, 2450.15815529667, 0.00069587382182446
143.861219482294, 57221.5161272932, 57221.515625, -0.0932016298174858, -65.6799545288086, 1403.78035393401, 1586.13261475032, 458.485198403898, 1326.79711727224, 80264.309733925, 101.154763873432, -422140.642892542, 570.988226426866, 0.0949738975356671, 5.07401371002197, 199.998718261719, 0, 0, N/A, 0, 0, 19.1015061810701, 90.1900015446562, 89.9792046430179, 2450.15815529667, 0.00063427471878827
144.941219482293, 57713.7851709466, 57713.78515625, -0.0931558087468147, -65.5551452636719, 1400.92987590993, 1583.59220138497, 453.461238104877, 1325.51024402373, 80265.1214656443, 100.077426868582, -422142.714380141, 569.909854824196, 0.0949738028791815, 5.07401371002197, 199.998825073242, 0, 0, N/A, 0, 0, 18.931870418599, 90.1900015446562, 89.9789505064935, 2450.15815529667, 0.00057732451729655
146.021219482292, 58200.6120685224, 58200.61328125, -0.0931094735860825, -65.4305419921875, 1398.10561691597, 1581.07686706395, 448.414431271451, 1324.24461450539, 80263.258954418, 98.9942050761089, -422143.000805966, 568.82486817917, 0.0949737603478189, 5.07401371002197, 199.998916625977, 0, 0, N/A, 0, 0, 18.7426374854181, 90.1900015446562, 89.9787269461984, 2450.15815529667, 0.000522240706644322
147.141219482291, 58699.7283720255, 58699.7265625, -0.0930608883500099, -65.3015441894531, 1395.20743432827, 1578.49629704496, 443.194025641202, 1322.9447553538, 80262.1123055463, 97.8724585676437, -422144.532614918, 567.700921942949, 0.0949738856508455, 5.07401371002197, 199.999038696289, 0, 0, N/A, 0, 0, 18.5657902752574, 90.1900015446562, 89.9782190440698, 2450.15815529667, 0.000473453292711106
148.22121948229, 59175.4875925846, 59175.48828125, -0.0930135175585747, -65.1773681640625, 1392.44570508709, 1576.0383588506, 438.16895854089, 1321.70836054497, 80261.4608591818, 96.7918797916653, -422145.723880694, 566.618829811163, 0.0949744926037489, 5.07401371002197, 199.999114990234, 0, 0, N/A, 0, 0, 18.3860019516628, 90.1900015446562, 89.9779657133969, 2450.15815529667, 0.000428846305619905
149.301219482289, 59645.8209235125, 59645.8203125, -0.0929656475782394, -65.0533981323242, 1389.72136185772, 1573.61544513564, 433.151634342542, 1320.49426744241, 80261.2618554746, 95.7126906113706, -422144.96112492, 565.540103620788, 0.0948886551747121, 5.07401371002197, 199.99919128418, 0, 0, N/A, 0, 0, 18.1951364999739, 90.1900015446562, 89.969219708518, 2450.15815529667, 0.00038684376581314
150.381219482288, 60110.7327740632, 60110.734375, -0.0929155275225639, -64.9296264648438, 1387.01934422168, 1571.21247619027, 428.137483299863, 1319.28804367769, 80260.780918889, 94.632490098869, -422146.4505736, 564.458284900219, 0.0938617721907872, 5.07401371002197, 199.999267578125, 0, 0, N/A, 0, 0, 18.0135188556539, 90.1900015446562, 89.6960514861331, 2450.15815529667, 0.000351518777542058
151.461219482287, 60570.2293712969, 60570.23046875, -0.0928685963153839, -64.8060531616211, 1384.34815046237, 1568.83853908059, 423.112632961282, 1318.10298803549, 80258.9783860466, 93.5493142387771, -422146.165077443, 563.373863152558, 0.0963889598021181, 5.07401371002197, 199.999328613281, 0, 0, N/A, 0, 0, 17.8386625024751, 90.1900015446562, 90.0895477245464, 2450.15815529667, 0.000317169184733764
152.541219482286, 61024.3138908261, 61024.3125, -0.0928175672888756, -64.6826705932617, 1381.60969392154, 1566.40556139918, 417.913050099795, 1316.88800384533, 80257.7339268378, 92.4273964080743, -422146.586281883, 562.250577373584, 0.094496102768847, 5.07401371002197, 199.999374389648, 0, 0, N/A, 0, 0, 17.6523085450208, 90.1900015446562, 89.7864257120318, 2450.15815529667, 0.000287383568713133
153.661219482285, 61489.506098731, 61489.5078125, -0.0927659869194031, -64.554931640625, 1379.00055542979, 1564.08809551098, 412.914097380799, 1315.72963259787, 80257.481999703, 91.3477877627041, -422147.775143191, 561.169785462747, 0.0949829740580499, 5.07401371002197, 199.999435424805, 0, 0, N/A, 0, 0, 17.4609473692249, 90.1900015446562, 89.847025025473, 2450.15815529667, 0.000260570355620321
154.741219482284, 61932.5821094215, 61932.58203125, -0.0927166864275932, -64.4319458007813, 1376.42044129107, 1561.79731402079, 407.916050677125, 1314.58651791926, 80256.9226047072, 90.2674177153074, -422148.945518339, 560.087994821372, 0.0949790994679192, 5.07401371002197, 199.999496459961, 0, 0, N/A, 0, 0, 17.2730721385305, 90.1900015446562, 89.9566527978878, 2450.15815529667, 0.000235576668547583
155.821219482283, 62386.3691213006, 62386.3671875, -0.09266447275877, -64.3046035766602, 1373.78126808986, 1559.45532187429, 402.744869580358, 1313.41978358573, 80257.07470143, 89.1490278886179, -422149.417469366, 558.969342310748, 0.0949596446472838, 5.07401371002197, 199.999526977539, 0, 0, N/A, 0, 0, 17.0903244804658, 90.1900015446562, 90.0090583727919, 2450.15815529667, 0.000213850703938853
156.941219482282, 62818.456182507, 62818.45703125, -0.092613011598587, -64.1819915771484, 1371.26228818802, 1557.22079507869, 397.749392510584, 1312.30928870304, 80256.0168189706, 88.0674618964014, -422150.043029584, 557.886393773159, 0.0949777552310104, 5.07401371002197, 199.999572753906, 0, 0, N/A, 0, 0, 16.9049371843826, 90.1900015446562, 90.0009357320249, 2450.15815529667, 0.000193437355500051
158.021219482281, 63245.1542718991, 63245.15234375, -0.0925611034035683, -64.0595703125, 1368.77700262881, 1555.01747663995, 392.757209653649, 1311.21784741572, 80254.9703149406, 86.9860635589928, -422149.484028716, 556.804595068799, 0.0949388110661551, 5.07401371002197, 199.999603271484, 0, 0, N/A, 0, 0, 16.7117970625294, 90.1900015446562, 89.9946981415074, 2450.15815529667, 0.000173267164423503
159.14121948228, 63681.9706438008, 63681.96875, -0.0925068259239197, -63.932804107666, 1366.22826635175, 1552.75811993919, 387.59173678115, 1310.0962969645, 80254.4496866493, 85.8658510291752, -422150.595289381, 555.683042334332, 0.094976505433254, 5.07401371002197, 199.999649047852, 0, 0, N/A, 0, 0, 16.5201067240024, 90.1900015446562, 90.0021144220187, 2450.15815529667, 0.00015483026901308
160.221219482279, 64097.7072686704, 64097.70703125, -0.0924539342522621, -63.8107414245605, 1363.8031704331, 1550.60949388339, 382.613167635991, 1309.03255774134, 80253.8500967248, 84.7854930871067, -422150.907278906, 554.601935749344, 0.0949859186069267, 5.07401371002197, 199.99967956543, 0, 0, N/A, 0, 0, 16.3337023348324, 90.1900015446562, 89.999418760192, 2450.15815529667, 0.000137413031003876
161.301219482278, 64508.069417707, 64508.0703125, -0.092400535941124, -63.6888542175293, 1361.40661845156, 1548.48672150801, 377.639652802154, 1307.98175035345, 80253.3219497938, 83.7052456050465, -422151.809311143, 553.520513720428, 0.0949683232798385, 5.07401371002197, 199.999725341797, 0, 0, N/A, 0, 0, 16.1464508530656, 90.1900015446562, 89.9943499853483, 2450.15815529667, 0.000120401802110975
162.421219482277, 64927.9571367594, 64927.95703125, -0.0923446342349052, -63.5626335144043, 1358.95492499656, 1546.31636349057, 372.480104486225, 1306.91126159722, 80252.336160999, 82.583926726328, -422151.649612062, 552.398516408922, 0.0949735964082915, 5.07401371002197, 199.999755859375, 0, 0, N/A, 0, 0, 15.947278588243, 90.1900015446562, 89.9892648642417, 2450.15815529667, 0.000105012618660636
163.501219482276, 65327.3833120081, 65327.3828125, -0.0922902524471283, -63.4410934448242, 1356.62290781962, 1544.25254629059, 367.518768489665, 1305.89266589003, 80252.2089358553, 81.5048680666744, -422151.965715356, 551.319093662377, 0.094974208060161, 5.07401371002197, 199.999786376953, 0, 0, N/A, 0, 0, 15.7568562359937, 90.1900015446562, 89.9853886566602, 2450.15815529667, 9.06293658463052E-05
164.581219482275, 65721.4472311245, 65721.4453125, -0.0922354012727737, -63.3197212219238, 1354.31802102549, 1542.21358416385, 362.547818023278, 1304.88940818656, 80250.9949358453, 80.4227880798023, -422152.02333709, 550.235969346882, 0.0949740191429791, 5.07401371002197, 199.999816894531, 0, 0, N/A, 0, 0, 15.5608158248673, 90.1900015446562, 89.9823520356192, 2450.15815529667, 7.67877561049883E-05
165.701219482274, 66124.4468652905, 66124.4453125, -0.0921780094504356, -63.1940269470215, 1351.96121280616, 1540.12922810086, 357.409023114525, 1303.86268334108, 80250.7228765771, 79.3033413585661, -422152.688518898, 549.115752910078, 0.0949738628559302, 5.07401371002197, 199.99983215332, 0, 0, N/A, 0, 0, 15.3719483462118, 90.1900015446562, 89.9800586214879, 2450.15815529667, 6.44886065406717E-05
166.781219482273, 66507.6000957515, 66507.6015625, -0.0921221897006035, -63.0729827880859, 1349.72089037091, 1538.14910472628, 352.44903979628, 1302.89145455114, 80249.8435311993, 78.2222481700941, -422152.105041126, 548.034416738422, 0.0949741257761426, 5.07401371002197, 199.999877929688, 0, 0, N/A, 0, 0, 15.17817187507, 90.1900015446562, 89.9782831642295, 2450.15815529667, 5.28341669034924E-05
167.861219482272, 66885.403053536, 66885.40625, -0.0920659005641937, -62.9520988464355, 1347.50912288822, 1536.19435509615, 347.503302151974, 1301.93021218417, 80249.7446768755, 77.143259194038, -422152.944276614, 546.954657350323, 0.0949740238324309, 5.07401371002197, 199.999893188477, 0, 0, N/A, 0, 0, 14.979909968487, 90.1900015446562, 89.9767658921955, 2450.15815529667, 4.3026730340252E-05
168.941219482271, 67257.860181549, 67257.859375, -0.0920091271400452, -62.8313751220703, 1345.32837892099, 1534.2681256366, 342.551638599523, 1300.98685944741, 80248.9539245972, 76.0623594864264, -422152.720383151, 545.873292106617, 0.0949741179130686, 5.07401371002197, 199.999908447266, 0, 0, N/A, 0, 0, 14.7880367820752, 90.1900015446562, 89.9754966883062, 2450.15815529667, 3.38876568275672E-05
170.02121948227, 67624.9782097969, 67624.9765625, -0.091951884329319, -62.7108001708984, 1343.17819706944, 1532.36932143377, 337.611889802925, 1300.05610049476, 80248.786831986, 74.983260366107, -422153.096073555, 544.793747222738, 0.0949743993063336, 5.07401371002197, 199.999938964844, 0, 0, N/A, 0, 0, 14.6246942200567, 90.1900015446562, 89.9744705899684, 2450.15815529667, 2.5823875811688E-05
171.101219482269, 67986.7590559069, 67986.7578125, -0.0918941646814346, -62.5903778076172, 1341.05595726106, 1530.49589267334, 332.665373715786, 1299.14002691646, 80247.8552614306, 73.9018515524094, -422153.333931741, 543.711378009685, 0.0949737334083374, 5.07401371002197, 199.999954223633, 0, 0, N/A, 0, 0, 14.478633391531, 90.1900015446562, 89.9735992868562, 2450.15815529667, 1.88446471777756E-05
172.181219482268, 68343.2000002273, 68343.203125, -0.0918359830975533, -62.4701042175293, 1338.96614791678, 1528.65201543188, 327.721577568406, 1298.24069141158, 80246.9168332916, 72.8204687086364, -422152.854697073, 542.629618051095, 0.0949740317338879, 5.07401371002197, 199.999954223633, 0, 0, N/A, 0, 0, 14.276949596672, 90.1900015446562, 89.9731963158403, 2450.15815529667, 1.29575738738694E-05
173.261219482267, 68694.3090908318, 68694.3125, -0.0917773246765137, -62.3499794006348, 1336.90811472137, 1526.83639464772, 322.79955079303, 1297.35258794547, 80247.2918882417, 71.7430930644672, -422153.387493124, 541.552112861322, 0.0949745310056321, 5.07401371002197, 199.999969482422, 0, 0, N/A, 0, 0, 14.071633889194, 90.1900015446562, 89.9726585008703, 2450.15815529667, 8.16810786527355E-06
174.341219482266, 69040.090925058, 69040.09375, -0.0917181894183159, -62.2299957275391, 1334.87851847013, 1525.04679168813, 317.863251100461, 1296.48123519047, 80246.4193271127, 70.6618819377629, -422153.084744921, 540.470433773234, 0.0949741536250043, 5.07401371002197, 199.999969482422, 0, 0, N/A, 0, 0, 13.8752647355586, 90.1900015446562, 89.9721999566093, 2450.15815529667, 4.46728123659101E-06
175.421219482265, 69380.5476563781, 69380.546875, -0.0916585922241211, -62.1101531982422, 1332.87892553964, 1523.28415207316, 312.931493385045, 1295.62343746736, 80245.6450231292, 69.5809320926051, -422152.984477653, 539.388930372644, 0.0949738806735724, 5.07401371002197, 199.999984741211, 0, 0, N/A, 0, 0, 13.670505129042, 90.1900015446562, 89.9717959352929, 2450.15815529667, 1.87982890689422E-06
176.501219482264, 69715.6830843374, 69715.6796875, -0.0915985181927681, -61.9904518127441, 1330.91029477061, 1521.54916466778, 308.012467260555, 1294.77817201146, 80245.5232580301, 68.5020611451763, -422153.419340889, 538.309602292063, 0.0949739041438882, 5.07401371002197, 199.999984741211, 0, 0, N/A, 0, 0, 13.4624475142162, 90.1900015446562, 89.9714871196808, 2450.15815529667, 4.00029388424365E-07
177.65883544906, 70069.4803771914, 70069.4765625, -0.0915335193276405, -61.8621253967285, 1328.83127399071, 1519.71779509851, 302.727659703613, 1293.88890600761, 80243.9812810206, 67.3410262505201, -422153.102847269, 537.147560965004, 0.0949739568062515, 5.07401371002197, 199.999984741211, 0, 0, N/A, 0, 0, 13.2553273683029, 90.1900015446562, 89.9712894175649, 2450.15815529667, 0
178.695072631676, 70385.4993496409, 70385.5, -0.0914735719561577, -61.7454948425293, 1326.96955454894, 1518.07889395355, 297.903260565154, 1293.09794579204, 80232.5047682181, 66.2671401168979, -422150.939713106, 536.066026210968, 0.0952397118192816, 5.07401371002197, 199.999984741211, 0, 0, N/A, 0, 0, 7.84596980402051, 90.1900015446562, 89.9430776291693, 2450.15815529667, 0
179.755072631675, 70697.1822296687, 70697.1796875, -0.0914134681224823, -61.6284065246582, 1325.13877141839, 1516.46712320058, 293.12620593828, 1292.31240077858, 80235.3868653461, 65.2179457553976, -422151.027096026, 535.019127006614, 0.0949823809616968, 5.07401371002197, 199.999984741211, 0, 0, N/A, 0, 0, -4.47391991814789, 90.1900015446562, 89.9622859098505, 2450.15815529667, 0
180.815866699058, 71002.5652865099, 71002.5625, -0.0913532376289368, -61.5119972229004, 1323.29319966786, 1514.84287374958, 288.018287760963, 1291.56966268397, 80234.7586853846, 64.1844335098244, -422151.639262808, 533.984596126659, 0.0949750587104827, 5.07401371002197, 199.999984741211, 0, 0, N/A, 0, 0, -7.76728057484637, 90.1900015446562, 89.9726650956169, 2450.15815529667, 0
182.02864868148, 71332.8071583328, 71332.8046875, -0.0912864655256271, -61.3846740722656, 1321.25443935712, 1513.04977444052, 282.151247634008, 1290.7771954681, 80234.7586853846, 63.0292528457617, -422151.639262808, 532.829415462596, 0.0949750587104827, 5.07401371002197, 199.999984741211, 0, 0, N/A, 0, 0, -7.64629722505029, 90.1900015446562, 89.9724715160936, 2450.15815529667, 0
183.397038574058, 71705.1801027416, 71705.1796875, -0.0912089943885803, -61.2383918762207, 1319.00047454992, 1511.06784462469, 275.692913053664, 1289.86721512931, 80234.7586853846, 61.7004631729101, -422151.639262808, 531.500625789745, 0.0949750587104827, 5.07401371002197, 199.999984741211, 0, 0, N/A, 0, 0, -7.50435798245749, 90.1900015446562, 89.9722445688884, 2450.15815529667, 0
184.665828246909, 72045.4349470309, 72045.4375, -0.0911360681056976, -61.10205078125, 1316.95433129069, 1509.26922431157, 269.757902715851, 1289.03107500523, 80234.7586853846, 60.4604741592382, -422151.639262808, 530.260636776073, 0.0949750587104827, 5.07401371002197, 199.999984741211, 0, 0, N/A, 0, 0, -7.37116546890762, 90.1900015446562, 89.9720317691384, 2450.15815529667, 0
186.165017700034, 72439.8683712857, 72439.8671875, -0.0910487994551659, -60.9405822753906, 1314.59088453467, 1507.19240875547, 262.78267575138, 1288.05906112451, 80234.7586853846, 58.9900853652928, -422151.639262808, 528.790247982128, 0.0949750587104827, 5.07401371002197, 199.999984741211, 0, 0, N/A, 0, 0, -7.2128315986578, 90.1900015446562, 89.9717790091175, 2450.15815529667, 0
187.365017700035, 72754.5029460273, 72754.5, -0.0909769460558891, -60.8089637756348, 1312.7416852117, 1505.56783829668, 257.334199655158, 1287.27289039904, 80234.7586853846, 57.7900853652925, -422151.639262808, 527.590247982127, 0.0949750587104827, 5.07401371002197, 199.999984741211, 0, 0, N/A, 0, 0, -7.08158636387678, 90.1900015446562, 89.9715696663612, 2450.15815529667, 0
188.365017700035, 73011.7125559388, 73011.7109375, -0.090916633605957, -60.699390411377, 1311.22944937421, 1504.23968407294, 252.804761760244, 1286.62894656864, 80234.7586853846, 56.7900853652923, -422151.639262808, 526.590247982127, 0.0949750587104827, 5.07401371002197, 199.999984741211, 0, 0, N/A, 0, 0, -6.95008644943248, 90.1900015446562, 89.9713600776733, 2450.15815529667, 0
189.565017700035, 73314.3843311962, 73314.3828125, -0.0908437296748161, -60.5680274963379, 1309.44930413178, 1502.67667765528, 247.372282125692, 1285.87169874886, 80234.7586853846, 55.590085365292, -422151.639262808, 525.390247982127, 0.0949750587104827, 5.07401371002197, 199.999984741211, 0, 0, N/A, 0, 0, -6.84060851310154, 90.1900015446562, 89.9711857123221, 2450.15815529667, 0
190.765017700036, 73610.5363003223, 73610.5390625, -0.0907702594995499, -60.4368019104004, 1307.70685983579, 1501.14724099282, 241.942841923575, 1285.13129708611, 80234.7586853846, 54.3900853652917, -422151.639262808, 524.190247982126, 0.0949750587104827, 5.07401371002197, 199.999984741211, 0, 0, N/A, 0, 0, -6.70935868249339, 90.1900015446562, 89.9709768213738, 2450.15815529667, 0
191.765017700036, 73852.3518414462, 73852.3515625, -0.0907086059451103, -60.3275451660156, 1306.28364011847, 1499.8983489709, 237.420580590385, 1284.52712968401, 80234.7586853846, 53.3900853652915, -422151.639262808, 523.190247982126, 0.0949750587104827, 5.07401371002197, 199.999984741211, 0, 0, N/A, 0, 0, -6.60008479134702, 90.1900015446562, 89.9707683064579, 2450.15815529667, 0
192.965017700036, 74136.5602686113, 74136.5625, -0.0906340926885605, -60.1965560913086, 1304.61037849148, 1498.43043907953, 231.996534116852, 1283.81748903091, 80234.7586853846, 52.1900853652912, -422151.639262808, 521.990247982126, 0.0949750587104827, 5.07401371002197, 199.999984741211, 0, 0, N/A, 0, 0, -6.46907460647537, 90.1900015446562, 89.9705948289736, 2450.15815529667, 0
194.165017700036, 74414.2590763265, 74414.2578125, -0.0905590206384659, -60.0656929016113, 1302.97488779835, 1496.99608027048, 226.575332562386, 1283.12456177189, 80234.7586853846, 50.990085365291, -422151.639262808, 520.790247982126, 0.0949750587104827, 5.07401371002197, 199.999984741211, 0, 0, N/A, 0, 0, -6.33819076611276, 90.1900015446562, 89.9703869951906, 2450.15815529667, 0
195.165017700037, 74640.704577382, 74640.703125, -0.0904960185289383, -59.9567337036133, 1301.64084940097, 1495.82640633105, 222.059788482418, 1282.55985732955, 80234.7586853846, 49.9900853652907, -422151.639262808, 519.790247982125, 0.0949750587104827, 5.07401371002197, 199.999984741211, 0, 0, N/A, 0, 0, -6.22921519720343, 90.1900015446562, 89.9701782930487, 2450.15815529667, 0
196.365017700037, 74906.4778904889, 74906.4765625, -0.0904199033975601, -59.8260955810547, 1300.0746690801, 1494.45354290885, 216.643625077876, 1281.89745619608, 80234.7586853846, 48.7900853652905, -422151.639262808, 518.590247982125, 0.0949750587104827, 5.07401371002197, 199.999984741211, 0, 0, N/A, 0, 0, -6.09855502814459, 90.1900015446562, 89.9700069176817, 2450.15815529667, 0
197.365017700037, 75122.9901517285, 75122.9921875, -0.0903560444712639, -59.7173156738281, 1298.79842342423, 1493.33510761469, 211.230113193371, 1281.25164493931, 80234.7586853846, 47.5900853652902, -422151.639262808, 517.390247982125, 0.0949750587104827, 5.07401371002197, 199.999984741211, 0, 0, N/A, 0, 0, -5.96801254073054, 90.1900015446562, 89.9698001158222, 2450.15815529667, 0
198.565017700037, 75376.8490332416, 75376.8515625, -0.0902788937091827, -59.5868873596191, 1297.30163504529, 1492.02372209489, 206.720829680405, 1280.7261117961, 80234.7586853846, 46.59008536529, -422151.639262808, 516.390247982125, 0.0949750587104827, 5.07401371002197, 199.999984741211, 0, 0, N/A, 0, 0, -5.85931484113445, 90.1900015446562, 89.9696280547531, 2450.15815529667, 0
199.765017700038, 75624.2135973402, 75624.2109375, -0.0902011767029762, -59.4565734863281, 1295.84273078104, 1490.74586333411, 201.312002370389, 1280.11060853721, 80234.7586853846, 45.3900853652897, -422151.639262808, 515.190247982124, 0.0949750587104827, 5.07401371002197, 199.999984741211, 0, 0, N/A, 0, 0, -5.72898023129891, 90.1900015446562, 89.9694219073963, 2450.15815529667, 0
200.765017700038, 75825.3920015749, 75825.390625, -0.0901359841227531, -59.3480606079102, 1294.65593357238, 1489.70658864556, 196.806527659194, 1279.61027618085, 80234.7586853846, 44.3900853652895, -422151.639262808, 514.190247982124, 0.0949750587104827, 5.07401371002197, 199.999984741211, 0, 0, N/A, 0, 0, -5.59875473647102, 90.1900015446562, 89.9692161127255, 2450.15815529667, 0
201.965017700038, 76060.8581888006, 76060.859375, -0.0900572314858437, -59.2179412841797, 1293.26654482766, 1488.49018466878, 191.402157092793, 1279.02494857255, 80234.7586853846, 43.1900853652892, -422151.639262808, 512.990247982124, 0.0949750587104827, 5.07401371002197, 199.999984741211, 0, 0, N/A, 0, 0, -5.49031467583953, 90.1900015446562, 89.9690448844002, 2450.15815529667, 0
203.165017700038, 76289.838492399, 76289.8359375, -0.0899779200553894, -59.0879249572754, 1291.9151065837, 1487.30729603321, 186.0001217147, 1278.45602706483, 80234.7586853846, 41.990085365289, -422151.639262808, 511.790247982124, 0.0949750587104827, 5.07401371002197, 199.999984741211, 0, 0, N/A, 0, 0, -5.36028143470394, 90.1900015446562, 89.9688397284941, 2450.15815529667, 0
204.165017700039, 76475.7029693974, 76475.703125, -0.0899113938212395, -58.9796524047852, 1290.817914513, 1486.34715496542, 181.500160740685, 1277.9944320513, 80234.7586853846, 40.9900853652887, -422151.639262808, 510.790247982124, 0.0949750587104827, 5.07401371002197, 199.999984741211, 0, 0, N/A, 0, 0, -5.23034882846771, 90.1900015446562, 89.9686349167743, 2450.15815529667, 0
205.365017700039, 76692.7997633559, 76692.796875, -0.0898310467600822, -58.8498191833496, 1289.53611132026, 1485.22570220716, 176.102231491303, 1277.45549500896, 80234.7586853846, 39.7900853652885, -422151.639262808, 509.590247982123, 0.0949750587104827, 5.07401371002197, 199.999984741211, 0, 0, N/A, 0, 0, -5.12214638522518, 90.1900015446562, 89.9684645011263, 2450.15815529667, 0
206.565017700039, 76903.4184640774, 76903.421875, -0.0897501334547997, -58.7200775146484, 1288.29232250552, 1484.13775551324, 170.706446599669, 1276.93286416705, 80234.7586853846, 38.5900853652882, -422151.639262808, 508.390247982123, 0.0949750587104827, 5.07401371002197, 199.999984741211, 0, 0, N/A, 0, 0, -4.99239056302041, 90.1900015446562, 89.9682603127485, 2450.15815529667, 0
207.565017700039, 77073.9873735458, 77073.984375, -0.0896822810173035, -58.6120300292969, 1287.28488635573, 1483.25672613809, 166.211548830571, 1276.50977061238, 80234.7586853846, 37.590085365288, -422151.639262808, 507.390247982123, 0.0949750587104827, 5.07401371002197, 199.999984741211, 0, 0, N/A, 0, 0, -4.88433129461505, 90.1900015446562, 89.9680564602296, 2450.15815529667, 0
208.76501770004, 77272.7362335981, 77272.734375, -0.0896003320813179, -58.4824562072754, 1286.11084699431, 1482.23020006399, 160.819521023966, 1276.01694904359, 80234.7586853846, 36.3900853652877, -422151.639262808, 506.190247982122, 0.0949750587104827, 5.07401371002197, 199.999984741211, 0, 0, N/A, 0, 0, -4.7547423215982, 90.1900015446562, 89.9678868375964, 2450.15815529667, 0
209.76501770004, 77433.4170823322, 77433.4140625, -0.0895316153764725, -58.352970123291, 1284.97488280757, 1481.23717262227, 155.429447634691, 1275.54034242025, 80234.7586853846, 35.1900853652874, -422151.639262808, 504.990247982122, 0.0949750587104827, 5.07401371002197, 199.999984741211, 0, 0, N/A, 0, 0, -4.62524019070196, 90.1900015446562, 89.967683593304, 2450.15815529667, 0
210.96501770004, 77620.3043212793, 77620.3046875, -0.0894486382603645, -58.2451248168945, 1284.05734607695, 1480.43523736952, 150.939164552601, 1275.15553485175, 80234.7586853846, 34.1900853652872, -422151.639262808, 503.990247982122, 0.0949750587104827, 5.07401371002197, 199.999984741211, 0, 0, N/A, 0, 0, -4.51738597083121, 90.1900015446562, 89.967514473505, 2450.15815529667, 0
212.16501770004, 77800.7248714929, 77800.7265625, -0.0893651023507118, -58.1157875061035, 1282.99123958533, 1479.50361841675, 145.552500679976, 1274.70857803885, 80234.7586853846, 32.9900853652869, -422151.639262808, 502.790247982122, 0.0949750587104827, 5.07401371002197, 199.999984741211, 0, 0, N/A, 0, 0, -4.38803544596773, 90.1900015446562, 89.967311827822, 2450.15815529667, 0
213.165017700041, 77946.1370903651, 77946.140625, -0.0892950519919395, -58.0080680847168, 1282.13194556496, 1478.75285412123, 141.064965376872, 1274.34843841415, 80234.7586853846, 31.9900853652867, -422151.639262808, 501.590247982121, 0.0949750587104827, 5.07401371002197, 199.999984741211, 0, 0, N/A, 0, 0, -4.25876348222869, 90.1900015446562, 89.9671095046444, 2450.15815529667, 0
214.365017700041, 78114.7077272083, 78114.7109375, -0.0892104804515839, -57.8788719177246, 1281.13576308211, 1477.88263724593, 135.681486876146, 1273.93103650972, 80234.7586853846, 30.7900853652864, -422151.639262808, 500.590247982121, 0.0949750587104827, 5.07401371002197, 199.999984741211, 0, 0, N/A, 0, 0, -4.15109475925624, 90.1900015446562, 89.9669411463303, 2450.15815529667, 0
215.565017700041, 78276.8177513371, 78276.8203125, -0.0891253501176834, -57.7497482299805, 1280.17774776925, 1477.04591006764, 130.299651537872, 1273.52971776484, 80234.7586853846, 29.5900853652861, -422151.639262808, 499.390247982121, 0.0949750587104827, 5.07401371002197, 199.999984741211, 0, 0, N/A, 0, 0, -4.02195927791372, 90.1900015446562, 89.966739407144, 2450.15815529667, 0
216.565017700041, 78406.9756769324, 78406.9765625, -0.0890539735555649, -57.6421966552734, 1279.40857031915, 1476.37421876403, 125.815995995283, 1273.20755295696, 80234.7586853846, 28.5900853652859, -422151.639262808, 498.390247982121, 0.0949750587104827, 5.07401371002197, 199.999984741211, 0, 0, N/A, 0, 0, -3.89289413902966, 90.1900015446562, 89.9665379825708, 2450.15815529667, 0
217.765017700042, 78557.2463301597, 78557.25, -0.0889678001403809, -57.5131988525391, 1278.52057507498, 1475.59888565183, 120.437000599225, 1272.83565509079, 80234.7586853846, 27.3900853652856, -422151.639262808, 497.19024798212, 0.0949750587104827, 5.07401371002197, 199.999984741211, 0, 0, N/A, 0, 0, -3.78539150768312, 90.1900015446562, 89.9663703671066, 2450.15815529667, 0
218.965017700042, 78701.0618002557, 78701.0625, -0.0888810679316521, -57.3842658996582, 1277.67079713382, 1474.85703842608, 115.059460265748, 1272.47977143145, 80234.7586853846, 26.1900853652854, -422151.639262808, 495.99024798212, 0.0949750587104827, 5.07401371002197, 199.999984741211, 0, 0, N/A, 0, 0, -3.65644783670001, 90.1900015446562, 89.9661695122023, 2450.15815529667, 0
220.256137640254, 78850.5947046359, 78850.59375, -0.0887858048081398, -57.2436790466309, 1276.79927386897, 1474.09625550396, 109.372103383356, 1272.10647185537, 80234.7586853846, 24.8809643264406, -422151.639262808, 494.681126943275, 0.0949750587104827, 5.07401371002197, 199.999984741211, 0, 0, N/A, 0, 0, -3.51430370772499, 90.1900015446562, 89.9659483386443, 2450.15815529667, 0
221.582539617793, 78997.3027918236, 78997.3046875, -0.0886864736676216, -57.098217010498, 1275.95008311747, 1473.35504804509, 103.602142635143, 1271.73736339123, 80234.7586853846, 23.5257616897218, -422151.639262808, 493.325924306557, 0.0949750587104827, 5.07401371002197, 199.999984741211, 0, 0, N/A, 0, 0, -3.36574032955943, 90.1900015446562, 89.9657174528428, 2450.15815529667, 0
222.678547308223, 79112.8215830441, 79112.8203125, -0.0886034891009331, -56.9775390625, 1275.28368364787, 1472.77345406304, 98.86505540632, 1271.44597034985, 80234.7586853846, 22.4009588332763, -422151.639262808, 492.201121450111, 0.0949750587104827, 5.07401371002197, 199.999984741211, 0, 0, N/A, 0, 0, -3.24196562524436, 90.1900015446562, 89.9655040066, 2450.15815529667, 0
223.809352361934, 79227.0090882838, 79227.0078125, -0.0885166078805923, -56.8520164489746, 1274.62962628304, 1472.20266950637, 94.0370416950431, 1271.15631183747, 80234.7586853846, 21.2305535598389, -422151.639262808, 491.030716176674, 0.0949750587104827, 5.07401371002197, 199.999984741211, 0, 0, N/A, 0, 0, -3.11219188523144, 90.1900015446562, 89.9653240677534, 2450.15815529667, 0
224.840157415645, 79326.5263578488, 79326.5234375, -0.0884362831711769, -56.736701965332, 1274.07704726307, 1471.72056898014, 89.9853036647494, 1270.89558378096, 80235.2300217142, 20.1403996407997, -422151.234630613, 489.94128164644, 0.0949758593666059, 5.07401371002197, 199.999984741211, 0, 0, N/A, 0, 0, -2.95236935099618, 90.1900015446562, 89.965097006893, 2450.15815529667, 0
225.880157415644, 79417.6424227195, 79417.640625, -0.0883581936359406, -56.6252403259277, 1273.53315157216, 1471.24610958811, 85.3269702008113, 1270.67169627243, 80234.9066046596, 19.0995935606649, -422151.339318709, 488.900123985074, 0.0949755705982328, 5.07401371002197, 199.999984741211, 0, 0, N/A, 0, 0, -2.55955615145857, 90.1900015446562, 89.9652609842777, 2450.15815529667, 0
226.920157415643, 79503.8960650698, 79503.8984375, -0.0882796794176102, -56.5138168334961, 1273.01629382743, 1470.79521039387, 80.6508413032881, 1270.45914994949, 80234.2540360781, 18.0546156637239, -422151.602267381, 487.854394220145, 0.0949756027407864, 5.07401371002197, 199.999984741211, 0, 0, N/A, 0, 0, -2.32951623867531, 90.1900015446562, 89.9651466938315, 2450.15815529667, 0
227.960157415642, 79585.3033575204, 79585.3046875, -0.0882007256150246, -56.4024200439453, 1272.53054361473, 1470.37157684066, 75.9978737144958, 1270.2593435319, 80234.0303078399, 17.0146794652795, -422151.643485024, 486.814240435131, 0.0949753448248841, 5.07401371002197, 199.999984741211, 0, 0, N/A, 0, 0, -2.16219118455651, 90.1900015446562, 89.9647855592478, 2450.15815529667, 0
229.000157415641, 79661.8688104952, 79661.8671875, -0.0881213545799255, -56.2910575866699, 1272.07347175822, 1469.97297866423, 71.3449174014015, 1270.07136854174, 80233.7949288761, 15.9745895516335, -422151.707170712, 485.773904914946, 0.094974996696786, 5.07401371002197, 199.999984741211, 0, 0, N/A, 0, 0, -2.01803472194875, 90.1900015446562, 89.9646239423744, 2450.15815529667, 0
230.04015741564, 79733.5946278386, 79733.59375, -0.0880415514111519, -56.1797180175781, 1271.64570289444, 1469.6000251342, 66.6929559876356, 1269.89577279692, 80233.5656778567, 14.9345842009093, -422151.624289783, 484.733779357951, 0.0949747265453097, 5.07401371002197, 199.999984741211, 0, 0, N/A, 0, 0, -1.88393434415188, 90.1900015446562, 89.9644423658063, 2450.15815529667, 0
231.080157415639, 79800.4820267025, 79800.484375, -0.0879613235592842, -56.0684089660645, 1271.24615666802, 1469.25163121654, 62.0416284930923, 1269.73147858373, 80233.3365262204, 13.8945763082606, -422151.721225563, 483.693503666418, 0.0949756504020028, 5.07401371002197, 199.999984741211, 0, 0, N/A, 0, 0, -1.75288835978927, 90.1900015446562, 89.9642817115791, 2450.15815529667, 0
232.120157415638, 79862.5321612768, 79862.53125, -0.0878806635737419, -55.9571228027344, 1270.87576740599, 1468.92872582598, 57.3907871008224, 1269.57941241852, 80233.1064989211, 12.8545557439573, -422151.712327115, 482.65330150035, 0.0949748041931194, 5.07401371002197, 199.999984741211, 0, 0, N/A, 0, 0, -1.62541014412879, 90.1900015446562, 89.963974009099, 2450.15815529667, 0
233.160157415637, 79919.7455857133, 79919.7421875, -0.0877995789051056, -55.8437194824219, 1270.52803965656, 1468.62561403915, 52.6509119829853, 1269.43677331404, 80232.8706633886, 11.7945068324912, -422151.662862613, 481.59309953195, 0.0949751778142742, 5.07401371002197, 199.999984741211, 0, 0, N/A, 0, 0, -1.49919425215249, 90.1900015446562, 89.963729815703, 2450.15815529667, 0
234.220157415636, 79973.0828756696, 79973.0859375, -0.0877164900302887, -55.732479095459, 1270.21574199274, 1468.3533722776, 48.0013436250734, 1269.30855701242, 80232.6438389268, 10.7545436863896, -422151.691312168, 480.552926742465, 0.094975001063841, 5.07401371002197, 199.999984741211, 0, 0, N/A, 0, 0, -1.37267158178847, 90.1900015446562, 89.9636537078784, 2450.15815529667, 0
235.240157415635, 80019.5781227136, 80019.578125, -0.0876358896493912, -55.6230583190918, 1287.30439597963, 1485.48188252508, 43.0709217412546, 1286.5837647684, 80232.3229113554, 9.81771583333392, -416769.720405264, 484.042692623237, 0.0949787359658853, 5.04469680786133, 199.999984741211, 199.999984741211, 5.18853287345469, N/A, 0, 0, -1.24796880865348, 90.1900015446562, 89.9628929591052, 2465.97824940486, 0
236.280157415634, 80061.5126592834, 80061.515625, -0.0875512734055519, -55.5084800720215, 1328.50495804496, 1526.72123682758, 37.7382620331056, 1327.96893684019, 80232.1520485175, 8.98033976684894, -403385.462758729, 494.27400796218, 0.0949857798440661, 4.97841548919678, 199.999984741211, 199.999984741211, 5.25822853999513, N/A, 0, 0, -1.11830370816654, 90.1900015446562, 89.9616733595606, 2508.29187286259, 0
237.320157415633, 80098.0480297111, 80098.046875, -0.0874637514352798, -55.3902549743652, 1370.31347178535, 1568.56073500122, 32.6869462421151, 1369.9236455068, 80232.3395427945, 8.15187066567364, -388995.576490955, 505.440769078698, 0.0950076151036682, 4.91213369369507, 199.999984741211, 199.999984741211, 5.32971934693027, N/A, 0, 0, -0.983464552942564, 90.1900015446562, 89.9627368119408, 2550.36870255936, 0
238.360157415632, 80129.4828045372, 80129.484375, -0.087373249232769, -55.2683372497559, 1412.73846457457, 1611.01019483361, 27.9287007826287, 1412.46244097891, 80232.8107362225, 7.33230221930904, -373499.020995784, 517.647879594826, 0.0950111563972132, 4.84585237503052, 199.999984741211, 199.999984741211, 5.40451278801919, N/A, 0, 0, -0.843102588375331, 90.1900015446562, 89.962662060359, 2593.01738393543, 0
239.420157415631, 80156.597901609, 80156.6015625, -0.0872778743505478, -55.1402130126953, 1456.62377014346, 1654.91486691762, 23.3972141104198, 1456.43590242912, 80233.5363252481, 6.50726317194699, -356446.212183485, 531.287079527725, 0.0950315959686363, 4.77829599380493, 199.999984741211, 199.999984741211, 5.47987194323846, N/A, 0, 0, -0.69936012077406, 90.1900015446562, 89.963080117595, 2635.42143703918, 0
240.44015741563, 80178.3190568542, 80178.3203125, -0.0871830508112907, -55.0131988525391, 1499.47870079841, 1697.78405450031, 19.354092142537, 1499.35383550938, 80234.4050411856, 5.72386853226442, -338707.66278167, 545.691982640308, 0.0950393498414173, 4.71328926086426, 199.999984741211, 199.999984741211, 5.55576818135223, N/A, 0, 0, -0.556279023255513, 90.1900015446562, 89.9625419815787, 2677.58484547459, 0
241.480157415629, 80196.3923398716, 80196.390625, -0.0870831832289696, -54.8798713684082, 1543.81736405613, 1742.13364091605, 15.5645420830887, 1543.73893521269, 80235.3855203362, 4.93593515701741, -319128.255676, 561.835429622413, 0.095052898974376, 4.64700746536255, 199.999984741211, 199.999984741211, 5.63527046040108, N/A, 0, 0, -0.407252815950585, 90.1900015446562, 89.9626782295235, 2722.04631579835, 0
242.520157415629, 80210.7082648224, 80210.7109375, -0.0869800448417664, -54.7426300048828, 1588.81924082769, 1787.1434822934, 12.1273638535901, 1588.77297919058, 80236.4043866782, 4.16039944744193, -297865.893557323, 579.642872015844, 0.0950566038958804, 4.57945156097412, 199.999984741211, 199.999984741211, 5.71860263421431, N/A, 0, 0, -0.250778268994722, 90.1900015446562, 89.9627485915317, 2765.40733836446, 0
243.580157415628, 80221.8214054895, 80221.8203125, -0.0868715047836304, -54.5986595153809, 1635.38371019291, 1833.71364222492, 9.00345974821857, 1635.35893917577, 80237.4170540184, 3.38455755921075, -274250.223702618, 599.743592293518, 0.0950775388334301, 4.51316976547241, 199.999984741211, 199.999984741211, 5.80272796118199, N/A, 0, 0, -0.0919488836854185, 90.1900015446562, 89.9630312486768, 2811.17632385927, 0
244.620157415627, 80229.7118940104, 80229.7109375, -0.086761474609375, -54.4533386230469, 1681.76929122556, 1880.102942511, 6.32942704131051, 1681.75738468396, 80238.3266584468, 2.64104827218455, -248927.887601707, 621.659002667017, 0.0950926332508288, 4.44688844680786, 199.999984741211, 199.999984741211, 5.88930713600024, N/A, 0, 0, 0.0715135060446528, 90.1900015446562, 89.9614980481434, 2857.62399465152, 0
245.660157415626, 80235.0323451876, 80235.03125, -0.0866478681564331, -54.3039207458496, 1728.86533567048, 1927.20129868354, 4.06000820241655, 1728.86056414735, 80239.0881266869, 1.91938908734198, -221187.619807935, 646.080830703784, 0.0950780267555007, 4.38060665130615, 199.999984741211, 199.999984741211, 5.97845932319092, N/A, 0, 0, 0.237599022028974, 90.1900015446562, 89.9639942605722, 2904.77025924343, 0
246.700157415625, 80238.2124754811, 80238.2109375, -0.0865307524800301, -54.1503448486328, 1776.6891357184, 1975.02637275632, 2.18123633503541, 1777.61469665131, 80239.645445119, 1.21336572745963, -190076.343958158, 673.967634816123, 0.0950320517308429, 4.31305074691772, 199.999984741211, 199.999984741211, 6.07210498796024, N/A, 0, 0, 0.411362797105539, 90.1900015446562, 89.9617353913372, 2952.63565094919, 0
247.760157415624, 80239.7167550852, 80239.71875, -0.0864077880978584, -53.9894714355469, 1826.20140261789, 2024.53919439153, 0.784404119121348, 1826.20121437723, 80239.9203901575, 0.563353571883908, -156356.974814472, 704.771016647808, 0.0950244963396886, 4.24676895141602, 199.999984741211, 199.999984741211, 6.16684583121029, N/A, 0, 0, 0.586743456290463, 90.1900015446562, 89.9610683999576, 3002.18517917069, 0
248.800157415623, 80239.9664942522, 80239.96875, -0.0862833708524704, -53.8273010253906, 1875.55390958236, 2073.89178410429, -0.149514080233303, 1875.55387687007, 80239.8761324362, 1479.23484460746, -118981.793120164, 739.608707377905, 0.0950389863052189, 4.18048763275146, 199.999984741211, 199.999984741211, 6.26456712173059, N/A, 0, 0, 0.766651117621677, 90.1900015446562, 89.9606354665349, 3051.57165973777, 0
249.840157415622, 80239.4972529513, 80239.5, -0.0861549973487854, -53.660774230957, 1925.69614169344, 2124.03386518056, -0.599373207002884, 1925.69601513245, 80239.4856126892, 1559.03284652405, -77354.6359563794, 779.283162232569, 0.0950486504757551, 4.11420583724976, 199.999984741211, 199.999984741211, 6.36542131666944, N/A, 0, 0, 0.950547832095111, 90.1900015446562, 89.9613855040215, 3100.77736751991, 0
250.880157415621, 80238.8124840003, 80238.8125, -0.0860200151801109, -53.4864845275879, 1977.63813249325, 2175.97565217659, -0.536708843436315, 1977.63802014845, 80238.7891150829, 1652.30843968872, -29792.7303910034, 825.858469801493, 0.0950433282125867, 4.04664850234985, 199.999984741211, 199.999984741211, 6.47160899154256, N/A, 0, 0, 1.14237773513305, 90.1900015446562, 89.9623789501848, 3150.78779033364, 0
252.960157415619, 80239.027544365, 80239.03125, -0.085745632648468, -53.1343307495117, 2080.40149327646, 2278.73904386411, 1.13966615841872, 2080.40113142189, 80768.2160968547, 562.067108612316, 79957.4981913685, 1500.22300616713, 0.0949818953110809, 3.91790914535522, 199.999984741211, 199.999984741211, 6.68847531038082, N/A, 0, 0, 1.49525703824084, 90.1900015446562, 89.9609226555055, 3249.02043774553, 0
